FID,PCON24CD,PCON24NM,PCON24NMW,BNG_E,BNG_N,LONG,LAT,Shape__Area,Shape__Length,GlobalID
1,E14001063,Aldershot, ,484716,155270,-0.78648,51.29027,57095654.8400726,47432.407884631,32d9b16c-4564-48bc-96a1-088f823fa507
2,E14001064,Aldridge-Brownhills, ,404720,301030,-1.93172,52.60704,53268256.0681076,42601.2764555008,d80a7cd2-f8c8-4097-9a87-c888f3925e78
3,E14001065,Altrincham and Sale West, ,374132,389051,-2.39049,53.39766,50926048.3916016,48051.3363023872,45ea1b6a-dfc6-4ab4-86a1-786bd13f47d0
4,E14001066,Amber Valley, ,440478,349674,-1.39771,53.04282,124852609.901855,64708.4487770609,00e7c6d5-eb09-40d5-b5a8-71bc3d90b943
5,E14001067,Arundel and South Downs, ,497309,118530,-0.61584,50.95798,835068019.040997,318366.496714259,cc0a5f40-a480-4527-979f-be7455f25db8
6,E14001068,Ashfield, ,450035,356564,-1.2541,53.10395,99257974.8333435,65505.513410311,520cfc59-76fd-481b-843b-915da4a42873
7,E14001069,Ashford, ,611218,142572,1.018285,51.14343,226251579.835129,109409.837435908,602af697-2085-4e62-a362-b09d3cafcd14
8,E14001070,Ashton-under-Lyne, ,392654,398807,-2.11217,53.48594,29139859.7119751,30137.4311749899,f96567fd-bc9e-450e-bea3-28630bf093f7
9,E14001071,Aylesbury, ,495172,216598,-0.61998,51.83989,196521728.139214,111765.595968732,764e452e-b328-4578-a992-5490eee684e8
10,E14001072,Banbury, ,438918,232636,-1.43462,51.99082,512580728.316368,189662.649632585,4c76d941-1bba-43d0-9447-58bca4e52d6d
11,E14001073,Barking, ,546152,184371,0.106043,51.53932,19136441.5624313,29571.2354091963,341c5f70-5ed0-4610-bcb2-51b4a132938b
12,E14001074,Barnsley North, ,436476,408971,-1.4506,53.57609,75137763.4977417,60748.5662594747,9c00df7d-4af3-47c2-8b96-fd0c5839893f
13,E14001075,Barnsley South, ,440961,402479,-1.38372,53.51741,75645399.2137299,60154.4767269435,e2f4ce48-ecfd-4e5d-a2f1-9094f52e16d6
14,E14001076,Barrow and Furness, ,320083,496386,-3.23122,54.35672,588286267.490631,426587.24230695,90b90088-f485-48e6-ad3d-3eee52f13d99
15,E14001077,Basildon and Billericay, ,569070,192467,0.440099,51.60566,61883057.9755783,41915.9325626978,b5191496-fb3f-44ec-a4c2-e6429206e982
16,E14001078,Basingstoke, ,459017,150217,-1.1558,51.24808,78612795.6951408,57020.1661126278,b67b8411-9f80-40b5-bc90-e1a0f7eed8f2
17,E14001079,Bassetlaw, ,467018,385329,-0.99444,53.36061,398077584.154678,155279.014009941,f9500dc2-785e-4553-9eff-c5f75149599e
18,E14001080,Bath, ,374471,166284,-2.36832,51.395,73500829.5643845,53511.6043767705,df1e26d4-4953-4d58-acbd-d7fd0076ab08
19,E14001081,Battersea, ,528113,175772,-0.15703,51.46642,9215880.70676422,17586.4909309292,d5b58487-e12b-4d7b-86c3-629af498e48f
20,E14001082,Beaconsfield, ,498198,185455,-0.58484,51.55944,165614619.934753,111814.131796952,64e269cb-3d17-4819-a013-583e04048cf7
21,E14001083,Beckenham and Penge, ,536917,168705,-0.03309,51.40085,22872098.5260544,27154.0777852844,ddd2f3c3-94eb-4504-8a6f-229ada26c7a0
22,E14001084,Bedford, ,505836,249628,-0.45508,52.13483,29602892.7473907,31409.5674195585,a36150b9-17c2-47a2-9832-7795182d46b8
23,E14001085,Bermondsey and Old Southwark, ,533980,179401,-0.07124,51.49768,8308864.40053558,18349.7904410678,2697bf2e-3398-4f32-b077-68f45a4a511c
24,E14001086,Bethnal Green and Stepney, ,534939,182169,-0.05638,51.52232,6815573.65563202,10934.7119365781,0204e769-9b9c-4efe-9811-5cfb4d26250f
25,E14001087,Beverley and Holderness, ,523452,429549,-0.1294,53.74772,708604295.715103,239720.540490249,f35ed56e-7677-4fdc-b9c8-6433d29549c2
26,E14001088,Bexhill and Battle, ,577508,118444,0.525092,50.93811,466310473.170013,152374.504969398,2e50d0cf-43a5-4296-a624-a7c697a2c600
27,E14001089,Bexleyheath and Crayford, ,550493,175941,0.164996,51.46244,21952923.7924728,34171.7007179898,738a056e-9a3e-4390-86a9-ad44c0916377
28,E14001090,Bicester and Woodstock, ,452012,220679,-1.24575,51.88226,448827446.30761,166348.767667225,c30c7698-fb19-4996-af32-3b76b38bd454
29,E14001091,Birkenhead, ,330780,386907,-3.0419,53.37448,32412419.6600266,27129.9145849132,4c471552-0ce6-40a8-9804-4a55eb112452
30,E14001092,Birmingham Edgbaston, ,402984,283944,-1.95751,52.45345,29581950.3490219,32569.2571477925,5795c9e2-7f9d-467a-a457-c37dd60c34d8
31,E14001093,Birmingham Erdington, ,410569,292685,-1.84562,52.53194,25173042.1137543,29430.393979144,d3ec2b22-5942-4f2f-b1eb-677e0455ff58
32,E14001094,Birmingham Hall Green and Moseley, ,408501,282513,-1.87636,52.44053,19345755.9296188,28527.4753516469,ce8a8b61-f3d3-4358-9fb1-519804887461
33,E14001095,Birmingham Hodge Hill and Solihull North, ,413876,287889,-1.79707,52.48875,24658012.0382233,33739.847287406,d996563f-bd49-4747-9cac-1749b8cacb95
34,E14001096,Birmingham Ladywood, ,407572,287070,-1.88992,52.48151,25683055.5799713,34947.7513802793,bb24d47e-f7fa-4247-80ed-77a7b43a94d4
35,E14001097,Birmingham Northfield, ,401888,279862,-1.97366,52.41676,24924270.5130463,34869.1161713807,f18a5304-5ed2-4c3c-b81f-214dfd607dc3
36,E14001098,Birmingham Perry Barr, ,406022,291857,-1.91266,52.52457,24698752.0612335,31869.6107033401,e75fe9b8-7042-470d-8d76-1b04f13ae608
37,E14001099,Birmingham Selly Oak, ,404724,280770,-1.93195,52.42491,21667686.7835007,34708.7385567078,7e53d162-cdb1-4dea-a205-e624b07d30c0
38,E14001100,Birmingham Yardley, ,413189,285415,-1.80728,52.46653,19829351.7234497,31505.2665044258,63d4b8d2-8539-49f9-9259-272e244db9e7
39,E14001101,Bishop Auckland, ,403295,529526,-1.95044,54.66081,1335586544.57402,226797.681831515,b7f52aa6-67b6-4b7c-aedc-7105ae6608de
40,E14001102,Blackburn, ,367092,427991,-2.50047,53.74726,39586511.8683929,34490.0217021435,2495d2d7-6846-47d9-b824-d07a59d1672d
41,E14001103,Blackley and Middleton South, ,386063,403130,-2.21169,53.52466,28682667.6997833,35163.2400802304,914f27dc-a67e-4bf7-927c-7f1da60f7cf3
42,E14001104,Blackpool North and Fleetwood, ,333512,444183,-3.0131,53.88956,34255109.7954712,44717.9128040221,5546374a-884a-4e55-a093-c402337cb425
43,E14001105,Blackpool South, ,332817,435015,-3.02167,53.80708,26186635.7022858,30224.2101378551,cfa9f97f-e82d-4ac0-a3cf-efee0036f053
44,E14001106,Blaydon and Consett, ,414122,557646,-1.78125,54.91333,113109556.578537,70222.1194239519,aadab1c0-ec86-4705-9795-2bf4cd2a4819
45,E14001107,Blyth and Ashington, ,427575,584394,-1.56884,55.15312,85666464.1739502,78332.9071403856,ea2f9c03-10fe-4581-ba34-d9212b1be68e
46,E14001108,Bognor Regis and Littlehampton, ,499638,101239,-0.5874,50.80214,46112636.7157249,62937.6643564742,af8a117c-a328-4399-ac3f-28fe0b3d2396
47,E14001109,Bolsover, ,447717,366869,-1.28719,53.19678,228300047.802185,120094.024284193,98b9f7c7-5dc6-4a1b-a534-526a6d1541b1
48,E14001110,Bolton North East, ,372644,411243,-2.41481,53.59705,41100358.40271,43747.0016953303,3dd81fa2-fb4c-4f3c-9643-c493092a07e0
49,E14001111,Bolton South and Walkden, ,374204,405551,-2.39076,53.54597,33544125.1014252,34624.0262034977,c8ee4f8c-39f5-4672-a5a3-903349517a1a
50,E14001112,Bolton West, ,364877,408196,-2.53182,53.5692,77445453.6791992,56504.7243433788,a22990a6-2f4d-4bc9-80f9-f33d75e49c65
51,E14001113,Bootle, ,333915,397229,-2.99696,53.46765,25843384.0006332,24974.9858690085,d134a9a4-9259-4d9c-9f2b-fd0ae3eed21f
52,E14001114,Boston and Skegness, ,539400,354144,0.078987,53.06638,816453446.247803,587507.488221614,4a350a3e-b8dc-4aaa-8865-68648d8053e0
53,E14001115,Bournemouth East, ,411609,93659,-1.83682,50.74241,25611291.9884911,40297.7100353536,96ff057c-ded4-4ea2-96a8-34c1b6573462
54,E14001116,Bournemouth West, ,406917,93989,-1.90331,50.74545,26474943.1595879,27603.7511956478,999c77b0-0861-4da4-b7f9-91cda55076ef
55,E14001117,Bracknell, ,485168,164319,-0.77784,51.37155,46943399.8596954,36996.0542155439,f118b154-89c2-47eb-8578-a1321484fc8b
56,E14001118,Bradford East, ,417427,433388,-1.73692,53.79652,27587564.3504181,39509.4013354125,ea167aae-7471-454d-82df-10f21c153064
57,E14001119,Bradford South, ,415841,429295,-1.7612,53.75978,44127996.1837921,65066.1055661262,b55c6d09-d89e-4a44-93a2-aefcefd725f2
58,E14001120,Bradford West, ,412492,433844,-1.81182,53.80076,35244542.9325104,41139.034400641,f4885f27-c1b7-4c07-9186-cb11e12e6807
59,E14001121,Braintree, ,574854,230991,0.542924,51.94993,516711623.814865,165014.044820929,4b02324e-60b8-4243-9b43-8b0813845f02
60,E14001122,Brent East, ,521765,185698,-0.24494,51.55703,18240495.7998657,30615.6442828321,062bfece-aa00-4718-9eb3-2fbaeadd58ea
61,E14001123,Brent West, ,518047,185943,-0.29847,51.56002,18700742.8385696,20215.7343506499,d9654947-379f-4ec5-8232-ae952edf1339
62,E14001124,Brentford and Isleworth, ,515124,176509,-0.3437,51.47583,22854142.0777664,37222.6732120875,30f9be18-fdd1-4491-b7fa-719ff4a63c0f
63,E14001125,Brentwood and Ongar, ,556779,200101,0.266181,51.6778,316205732.471153,100879.053196722,577b6b5b-d769-41b1-9323-d41de752a923
64,E14001126,Bridgwater, ,322642,137197,-3.10687,51.1288,296183525.875938,225119.352425779,64085e44-4a94-480b-af40-2a72869e35b5
65,E14001127,Bridlington and The Wolds, ,495181,457225,-0.54936,54.00231,946955154.503387,250192.482488623,98a27136-517f-43e4-b243-aa90495e7acb
66,E14001128,Brigg and Immingham, ,502069,410089,-0.4599,53.57749,490585929.968018,185231.887444668,cd7d44bf-ac2c-4875-aff5-50f7650eccb3
67,E14001129,Brighton Kemptown and Peacehaven, ,534575,104474,-0.09068,50.82416,39958242.4183884,46839.3687393944,be67d609-624f-4cee-a35c-4f182fa85a32
68,E14001130,Brighton Pavilion, ,531231,107527,-0.13704,50.85237,28827681.7721176,33677.3804927345,ecc5e216-adb7-4cb7-8225-44ede653647f
69,E14001131,Bristol Central, ,358489,174042,-2.59893,51.46381,10783196.2685165,17983.8678499798,201f6c59-9933-4570-93fe-1024e15a31cc
70,E14001132,Bristol East, ,361940,170971,-2.54893,51.43644,21926867.3331146,35381.4465183934,8525d2b2-220f-4033-84b1-efc5c117aede
71,E14001133,Bristol North East, ,363283,175262,-2.53005,51.47511,21456577.4808846,33254.5059270549,063a8c9c-e82e-4701-97f8-452628a1c25c
72,E14001134,Bristol North West, ,355048,178219,-2.64899,51.5011,41280947.439312,62428.1806056824,8157c355-d4c1-4e01-a4c9-9172df680900
73,E14001135,Bristol South, ,358409,169600,-2.59956,51.42387,22283031.5104561,28594.945596852,aa45ec69-7339-428e-b148-3ff89a479ad8
74,E14001136,Broadland and Fakenham, ,618682,320245,1.237737,52.73561,719728689.888397,303547.142036582,68ef736e-f06b-4744-9f37-2a51546219af
75,E14001137,Bromley and Biggin Hill, ,540916,164357,0.022632,51.36081,46504624.2512665,44158.6431384485,ad8b1b38-56a5-4c19-981c-5427bb27a9c3
76,E14001138,Bromsgrove, ,399840,273736,-2.00376,52.36169,216972464.69754,113273.960865235,bb8c06a1-056c-4091-a942-d1de8f3167ba
77,E14001139,Broxbourne, ,535791,206515,-0.03467,51.74089,86647962.5656128,55751.5649723172,a591da86-d36b-4bf3-b1e6-fc2e389bb9be
78,E14001140,Broxtowe, ,449829,337765,-1.26007,52.93499,60723964.6963501,66616.4146103234,1982cead-41e3-41c9-86e9-41bb50008352
79,E14001141,Buckingham and Bletchley, ,477831,230643,-0.86846,51.96883,396232342.835556,154459.409578086,e0574f5c-2690-4457-bc54-1d07eedce6ac
80,E14001142,Burnley, ,384738,431506,-2.23308,53.77967,119582011.327454,61286.7984251533,25087901-23f7-4e93-8a5f-0cf841106851
81,E14001143,Burton and Uttoxeter, ,404371,334742,-1.93644,52.9101,243352329.040268,162471.339818331,cf90750f-cccc-4eb4-b8b0-68aee3399c1a
82,E14001144,Bury North, ,379312,413523,-2.31421,53.61785,58080127.0614319,54465.9039794095,aafc18c9-76ea-41a0-857f-3b57b84c0778
83,E14001145,Bury South, ,381003,405424,-2.28815,53.54512,44655579.3108521,51330.5835404205,f0d508fa-140e-4014-b946-70a7289e9ce3
84,E14001146,Bury St Edmunds and Stowmarket, ,594713,268188,0.852784,52.27736,402467894.968063,157434.045577387,ee42b81c-78cd-4958-b8a7-4317e495d9c4
85,E14001147,Calder Valley, ,396866,424895,-2.04897,53.72046,302468708.461502,133924.786284701,20d3161e-336a-4334-b46f-c7c131ff72d5
86,E14001148,Camborne and Redruth, ,167292,40667,-5.2636,50.22011,270606328.921441,180016.54276383,b39257f3-526d-4a75-8964-183b39e01b73
87,E14001149,Cambridge, ,545244,257862,0.123846,52.19987,32355627.7900085,38175.1039566669,a7010e97-c1d1-4210-a68b-d92606284452
88,E14001150,Cannock Chase, ,401261,311553,-1.98277,52.70166,78874733.2565918,50286.16386867,d3693345-8a47-4207-bf61-2f2cc3f54a6b
89,E14001151,Canterbury, ,615576,157189,1.089267,51.27305,234528749.208382,113070.567980111,2e95cf06-a584-4b5d-b21f-0ef4ad36e05e
90,E14001152,Carlisle, ,348588,565148,-2.80479,54.97827,899147205.541672,237132.636168027,57c3ca2c-a66d-44c8-af60-9adbc9f84e50
91,E14001153,Carshalton and Wallington, ,528290,163524,-0.15891,51.35631,25574196.1850128,31569.0509043845,936bc96d-647c-44a2-b4f3-873bbdf84748
92,E14001154,Castle Point, ,578576,187592,0.574745,51.55894,57602380.9389648,176964.667002302,e833d46b-b740-469a-97c4-c2d2e07585d4
93,E14001155,Central Devon, ,273369,91743,-3.79492,50.71147,1373505611.11133,325599.431594081,d99cb3aa-fafd-4dd2-9209-db45df67dea2
94,E14001156,Central Suffolk and North Ipswich, ,620566,257411,1.224112,52.17087,548399573.40448,176292.790564923,1c24b4f1-f8eb-48d0-bf21-eb742f544846
95,E14001157,Chatham and Aylesford, ,574811,163197,0.508449,51.34097,55507949.4848938,69409.5845120113,20e3bdca-ebba-46f4-a19f-462b4dd41196
96,E14001158,Cheadle, ,387556,385605,-2.18847,53.36718,39369117.2544098,40238.7101136804,ba67f8fd-283f-4962-bc4e-63df56c04f9f
97,E14001159,Chelmsford, ,571558,206494,0.482869,51.73091,33437224.6530533,36903.3528969057,14df276a-a54f-4486-a994-cb7ea07a24aa
98,E14001160,Chelsea and Fulham, ,525036,177235,-0.20079,51.48026,9343723.62452698,17333.3352128165,253ae7e2-a5c9-4933-bdec-fbe563826f29
99,E14001161,Cheltenham, ,395228,220956,-2.07073,51.88714,35292205.9699402,35006.3929599657,0eb9916c-ce37-4621-bd6f-96a85079d424
100,E14001162,Chesham and Amersham, ,495229,196630,-0.62462,51.66039,145395994.857246,92599.9697609004,0eb8d115-3a8e-4a13-a0db-4a9bf10fa4a2
101,E14001163,Chester North and Neston, ,336406,372622,-2.95448,53.2468,114012372.611267,130416.553357671,f11a54af-a4a0-4d73-ab1a-31be93873faf
102,E14001164,Chester South and Eddisbury, ,354400,358464,-2.68282,53.1214,754804212.565834,230844.33486536,a498a918-7a87-4d78-bc56-57140465ac51
103,E14001165,Chesterfield, ,440100,372488,-1.40049,53.24792,47362783.2271881,47654.7786508665,a998a567-2ce6-4251-b9b2-eca023de896f
104,E14001166,Chichester, ,484136,105461,-0.80636,50.84255,289667926.343185,230677.992783443,563cf7e7-21e7-436e-8316-f24d02f5fd52
105,E14001167,Chingford and Woodford Green, ,538856,193069,0.004346,51.61932,22747781.862915,27406.7291140789,f023ac10-c534-4eac-a143-b1135af55ff9
106,E14001168,Chippenham, ,404564,176871,-1.93564,51.49076,273369576.79118,135054.072051625,697eb1ec-5fd6-404b-9b22-f3d30d70a04e
107,E14001169,Chipping Barnet, ,524233,194734,-0.20617,51.6377,40216937.988205,45400.3335373708,890fbdd3-44af-4f42-918a-f95c2edb033f
108,E14001170,Chorley, ,359478,419274,-2.61478,53.66837,136701922.977066,79494.6383747748,7a5cd878-b860-4f89-8917-da4c5380bad4
109,E14001171,Christchurch, ,409396,99427,-1.86804,50.79432,113242698.085861,101966.156625742,d0e42114-adba-411b-968b-8095b86b346c
110,E14001172,Cities of London and Westminster, ,530288,180871,-0.12386,51.51175,18611305.1929092,34988.6890284312,1bf2a80e-a8cf-4c40-b839-c5abb51ac8e4
111,E14001173,City of Durham, ,425010,540102,-1.61293,54.75525,215539570.417572,122459.146065029,e27d0823-13f6-4658-ad41-03f3a9073b1e
112,E14001174,Clacton, ,617020,222082,1.149974,51.85512,200169927.197296,346021.3010013,f4fa89fa-bdd0-4bb3-8e40-46b64a94440a
113,E14001175,Clapham and Brixton Hill, ,530046,174947,-0.12952,51.45857,7611127.7611084,14454.1598579943,e7750b49-564c-4017-b0c2-a2a8bd660216
114,E14001176,Colchester, ,599674,224891,0.900077,51.88681,42217381.5820694,37363.9876972076,2a1a0032-581f-4599-8976-0d448ded9f90
115,E14001177,Colne Valley, ,408584,411123,-1.87177,53.59662,172277478.480576,77330.7236841171,425a0f57-1474-48f9-beb1-a1b01013ec64
116,E14001178,Congleton, ,380524,363233,-2.29277,53.16587,211448951.049492,95385.1809942223,e3b99e84-4630-4a21-8fdd-f6e65b76a51f
117,E14001179,Corby and East Northamptonshire, ,499101,287184,-0.54241,52.47361,521856324.561546,157539.3024595,a3a9002e-8ab7-4077-ba4e-c60746bd6217
118,E14001180,Coventry East, ,436254,282175,-1.46813,52.43637,28780226.3401566,34449.5164251367,2f0a9502-10f9-4af1-959d-ccf897514114
119,E14001181,Coventry North West, ,430294,281733,-1.55584,52.43275,38524913.0875626,32665.4454161294,b0769548-2974-4830-b090-500cc11e10f6
120,E14001182,Coventry South, ,431582,277293,-1.53731,52.39277,31344362.0320587,42109.4704435893,9a675421-d8da-4f20-9db2-90505045163d
121,E14001183,Cramlington and Killingworth, ,428045,574645,-1.56242,55.06549,98406352.9332581,69888.1871386659,e33e1644-e502-4fa4-b4ba-e66e935213c6
122,E14001184,Crawley, ,526390,137581,-0.19533,51.12357,44945277.2293625,38945.4346651812,23c11308-5863-480d-a65d-47f6f04aa68a
123,E14001185,Crewe and Nantwich, ,372030,353864,-2.419,53.08127,89940343.7233505,58222.8874687805,ef6ce82f-898a-4013-8718-de79d077567a
124,E14001186,Croydon East, ,536251,164323,-0.04434,51.36164,26427169.6335983,35853.0618231316,82b501a1-31bf-4b71-8e1c-6469f49b2b31
125,E14001187,Croydon South, ,531895,159987,-0.10847,51.3237,37653030.0600967,38319.7872450331,abd01a95-2741-42ba-8ef5-10b6f1ce3226
126,E14001188,Croydon West, ,532488,166496,-0.09755,51.38205,14477977.9247284,25118.1552590568,84734503-550b-4abd-8e71-107556baf5d5
127,E14001189,Dagenham and Rainham, ,551586,183258,0.18386,51.52789,39394737.0756531,41451.9103962612,8dff193f-065a-40cd-9ff9-62ad6c22017a
128,E14001190,Darlington, ,424539,518614,-1.62204,54.56217,113309140.180496,72875.1979153195,c8083d1d-a587-46dd-a16c-37c83e451422
129,E14001191,Dartford, ,556167,172917,0.245276,51.43373,61818867.2581558,58366.598409404,92181f96-d09c-4b56-a088-949de2d3bb67
130,E14001192,Daventry, ,470112,266122,-0.9735,52.28878,780608299.258461,231100.936338431,c9332418-d070-41fe-b3f6-844a9e11eae4
131,E14001193,Derby North, ,432424,336128,-1.51918,52.92161,29504836.6469269,36599.8151829502,934a5102-a6c0-415e-820c-344d83d115b3
132,E14001194,Derby South, ,436265,333095,-1.46239,52.8941,31217843.3952789,31980.6151224354,85fe2cf4-6036-4ea7-8418-6a7c0afc6880
133,E14001195,Derbyshire Dales, ,420968,355924,-1.68829,53.10012,907695277.616959,265831.655373173,2b52e960-2219-4796-a242-56a4466b7fcf
134,E14001196,Dewsbury and Batley, ,423804,420002,-1.64113,53.67596,54261795.7393799,58711.9765584845,865062d5-aaa0-4b1d-b09d-538b42fbf5cd
135,E14001197,Didcot and Wantage, ,448154,192214,-1.30573,51.62669,402309110.025627,142982.546150117,c056e97e-5b90-4cb6-9e8e-2e5fa1fe64ba
136,E14001198,Doncaster Central, ,458190,397989,-1.12474,53.47544,111777036.599091,83038.1587153291,efd67871-fd2d-414f-abc9-cd30e3454cf3
137,E14001199,Doncaster East and the Isle of Axholme, ,473161,406862,-0.89715,53.55331,417250441.471375,133717.371226456,b9222e0a-0a8c-4cae-9aa8-498a1d81b44a
138,E14001200,Doncaster North, ,455325,408912,-1.16598,53.57392,240101607.507401,121768.435487278,5c6d3b40-5dca-4972-847c-6c8cba8a27c8
139,E14001201,Dorking and Horley, ,519227,146503,-0.29468,51.2053,280545373.750359,118182.605037424,0f8a9c29-541b-4db6-99c3-6835f8fde721
140,E14001202,Dover and Deal, ,629857,147550,1.287481,51.18095,219345897.068329,96255.9787293767,a765b4e6-2e5f-49cc-bba2-8ea52ca54be3
141,E14001203,Droitwich and Evesham, ,393275,253991,-2.09977,52.18413,401437101.038467,214349.677836761,4a0c7986-805f-4dbe-a9c6-d9bb2ff0a348
142,E14001204,Dudley, ,392854,291346,-2.10673,52.51996,28335823.6684952,34051.1305458825,eb5136d7-8d2e-4d59-bff8-0b17a71773be
143,E14001205,Dulwich and West Norwood, ,532817,173496,-0.0902,51.44488,14455070.1550674,20286.3085271587,e174c350-5250-4947-90da-d1bbf5131127
144,E14001206,Dunstable and Leighton Buzzard, ,496703,225441,-0.59529,51.91911,78560993.4982986,57326.7534285921,e223c6bf-34ea-4bac-bd36-2c4e2a110aff
145,E14001207,Ealing Central and Acton, ,519962,181117,-0.2725,51.51624,20479968.6507187,28259.5913296903,070f10fc-ddcb-4fd1-8498-b8e9ef37a891
146,E14001208,Ealing North, ,513799,183122,-0.36063,51.53554,22964607.0768204,27649.3206405452,5dd99b7b-80fd-4a5a-b327-cbe662157f40
147,E14001209,Ealing Southall, ,513156,180445,-0.37076,51.51161,16179228.8535614,25170.4982073958,5e80a706-8ac2-4c5e-b913-0156b476986a
148,E14001210,Earley and Woodley, ,473892,169821,-0.93865,51.42259,48958833.1749115,48416.3459971278,ea94d008-9158-4ccd-9ede-d2d3b918fbcd
149,E14001211,Easington, ,441536,542519,-1.35582,54.77588,148125965.766251,73389.7441464387,38322473-ba7b-4788-939e-d56053269be7
150,E14001212,East Grinstead and Uckfield, ,538137,128542,-0.03103,51.03963,381909131.54945,168808.529491815,67532e32-4107-4e87-8652-756ca95043e7
151,E14001213,East Ham, ,542663,184253,0.055721,51.53915,10002205.551506,16382.3974716989,bc40aa29-5e84-48c1-9ef6-4350cfe35a25
152,E14001214,East Hampshire, ,467402,130711,-1.03933,51.07177,513975403.42667,179015.362424484,cfdd63a1-27ce-4d85-9921-ab86c56372e7
153,E14001215,East Surrey, ,535708,149768,-0.05766,51.23096,259827041.222122,90095.6075859047,5d16b157-7ed3-4508-88aa-c85687ec1bd5
154,E14001216,East Thanet, ,636923,167727,1.401751,51.35918,32274353.1307449,47773.8680781785,16fd0f4b-9e03-491a-b0c7-245acda62ba9
155,E14001217,East Wiltshire, ,417744,160630,-1.74661,51.34447,1052954933.13755,233018.043814504,bf11b009-5a1d-4cc0-9237-7e504355abc7
156,E14001218,East Worthing and Shoreham, ,516691,106109,-0.34395,50.84274,55445903.7694092,67042.6733792617,86af3ddd-789d-42f0-b087-315abb2ffc04
157,E14001219,Eastbourne, ,559339,99575,0.258516,50.77387,44159031.9055595,38023.9159000939,8b498e63-40ee-449e-9ab6-088c7f19e416
158,E14001220,Eastleigh, ,446708,117185,-1.33641,50.9522,51072414.213604,46666.5530511035,1ece8943-fd9c-4060-b4f8-b9768164b611
159,E14001221,Edmonton and Winchmore Hill, ,533685,194034,-0.06993,51.62924,21932136.6516571,26431.5799200039,2f53d7f2-bcd2-4313-b04a-1082a6fa57dd
160,E14001222,Ellesmere Port and Bromborough, ,337399,377627,-2.94059,53.2919,37981000.6700974,44290.8017623178,d5d4fa3a-5545-4e94-80cd-dcfd385e5660
161,E14001223,Eltham and Chislehurst, ,543057,172794,0.056759,51.43608,30709264.6639023,35533.3148354373,05559f8b-3fed-4297-b957-3359d7f321f1
162,E14001224,Ely and East Cambridgeshire, ,555576,275765,0.283149,52.35788,726660593.425522,249365.155304877,aa07b915-6174-433e-b994-11edf5119266
163,E14001225,Enfield North, ,533630,197952,-0.06923,51.66446,40608166.9716263,36855.9253299611,ce31148a-95db-48bf-8aff-5684fef65113
164,E14001226,Epping Forest, ,542999,199637,0.066831,51.6773,126259970.975342,74761.0573431751,05e5784c-ab24-42a7-9e2b-f77de6113b8f
165,E14001227,Epsom and Ewell, ,519316,159545,-0.28906,51.3225,58221250.8570786,39814.6056995253,f863ec25-430d-4e70-a246-675225d04947
166,E14001228,Erewash, ,446887,337932,-1.30382,52.93676,60053252.0899353,59043.2210672696,522394e7-cc48-4422-9301-e5e0e4aa1ee0
167,E14001229,Erith and Thamesmead, ,547592,178598,0.124377,51.48707,25861352.3072586,33909.2395396536,ad13c2a2-45df-492f-8056-f67b69b0361f
168,E14001230,Esher and Walton, ,513373,165619,-0.37238,51.37831,47631628.3146362,32375.4782471877,2ae5b7ea-99b1-443c-a42f-2d54839225a8
169,E14001231,Exeter, ,292421,92738,-3.52548,50.72426,33820368.8745365,36208.8270163687,af5cec33-acac-4360-9898-d371894f8c8f
170,E14001232,Exmouth and Exeter East, ,299579,92503,-3.42404,50.72343,245083249.414553,160470.264855366,eeb0da79-7252-4aad-8e4e-cfbedabba3b3
171,E14001233,Fareham and Waterlooville, ,462557,109742,-1.11208,50.88378,98539761.0828896,77700.8139555814,05545c42-12b2-43b5-a02b-a7c09f952897
172,E14001234,Farnham and Bordon, ,484346,139949,-0.79538,51.15258,169398888.273048,93527.0199612826,f824b865-d99e-4334-8102-8dd6b8fd8d7e
173,E14001235,Faversham and Mid Kent, ,592905,157583,0.764887,51.28471,376865149.315475,160885.059454801,c3670008-c9bb-4683-a3da-ed5bb4ad57f6
174,E14001236,Feltham and Heston, ,510305,173502,-0.41399,51.44977,28020636.4233932,36413.1685908681,39417881-d934-4d65-a8fd-c665b4f81aff
175,E14001237,Filton and Bradley Stoke, ,362723,179503,-2.53856,51.51321,45301021.0456619,47065.008548447,bd65fbb0-49e6-4df2-8767-37885a51103b
176,E14001238,Finchley and Golders Green, ,525191,189002,-0.19437,51.58597,20946980.086998,27695.198166301,f56cbb90-1624-4e25-9a80-20782642c3cf
177,E14001239,Folkestone and Hythe, ,602920,127674,0.891467,51.01263,231468131.740639,122085.089039601,e75aa592-d1c8-47ba-b77d-789fd2d598a0
178,E14001240,Forest of Dean, ,370366,223234,-2.43216,51.90685,583698611.566822,212821.045864141,0da981ff-8528-4387-be04-1b438180ae2d
179,E14001241,Frome and East Somerset, ,368130,150038,-2.458,51.24861,475916482.273281,174063.463237956,6b83f20d-50e9-4e25-8233-3a67cd20ca60
180,E14001242,Fylde, ,339554,433811,-2.91914,53.79709,174289860.939819,139089.13946416,ccfa0342-d9f0-4e3c-adec-f00130d3471a
181,E14001243,Gainsborough, ,499314,390326,-0.50774,53.40044,1155732857.96872,249612.254446624,735003a5-cb8e-43f3-a7d2-c2c0bbefc3fc
182,E14001244,Gateshead Central and Whickham, ,422968,560237,-1.64306,54.93628,41420814.4206238,46710.4808527593,ab32732a-10ba-4513-8c8e-44d85099c2ab
183,E14001245,Gedling, ,460782,344401,-1.09589,52.99351,63957188.5918274,52165.9520857127,e688b8f2-4166-4160-9125-a41bedb4cd8d
184,E14001246,Gillingham and Rainham, ,580021,165777,0.584473,51.36253,30388781.6099396,52036.2473457799,628b0180-ebee-4cfc-9dab-bb264ac90da6
185,E14001247,Glastonbury and Somerton, ,357456,127928,-2.6083,51.0491,694196225.389862,206445.120466479,48d832be-a08e-4437-9338-0dee6b0502af
186,E14001248,Gloucester, ,384048,216342,-2.23296,51.84545,35834985.7048264,35451.0438001468,a114939a-0114-4cb3-befb-17653c7cfd2e
187,E14001249,Godalming and Ash, ,498295,143042,-0.59515,51.17817,345038619.56015,121923.874840831,ce08bc01-6a18-46b7-bc3c-e5dbe543e002
188,E14001250,Goole and Pocklington, ,477334,439142,-0.82614,53.84279,713032286.914093,291989.233055346,ccd41c0c-90ae-4644-9d53-6b4544bf9d32
189,E14001251,Gorton and Denton, ,392159,394372,-2.11951,53.44607,22704420.0298004,38314.1364800198,250659ec-5e7d-48e1-8acf-f2e14fcc8abb
190,E14001252,Gosport, ,458437,101444,-1.17196,50.80959,36375924.6554756,44997.4067985697,7b0e2965-cc09-4ac5-98ac-98427be45c9c
191,E14001253,Grantham and Bourne, ,499833,335014,-0.51715,52.90332,752003517.832794,180686.459047901,192e549f-f2c3-4504-8b40-af338681fda8
192,E14001254,Gravesham, ,566969,169114,0.398744,51.39649,98988297.4817734,60525.9804219376,08784eed-a89c-4eae-881e-236578a0602b
193,E14001255,Great Grimsby and Cleethorpes, ,526874,409016,-0.08591,53.56245,34363218.9032135,40314.3994440997,ff8a3ee1-20eb-4cc3-bc0a-e16159bf8b35
194,E14001256,Great Yarmouth, ,646762,315881,1.649525,52.68439,174276569.766525,146012.756690197,4da495d8-9699-447f-9910-21aaf780217f
195,E14001257,Greenwich and Woolwich, ,541355,178079,0.034399,51.484,15256226.4261169,32240.973213682,d45dae97-6275-4ec1-a92f-90b89f195501
196,E14001258,Guildford, ,507281,153748,-0.46344,51.27279,126100900.637733,81259.4005775051,91d87d41-1a9f-47c8-9a21-3923f6a5897e
197,E14001259,Hackney North and Stoke Newington, ,533884,186725,-0.06984,51.56352,9021292.44723511,15747.8487120531,0bcb74ce-c2e6-4a27-bb04-b9f5424d7873
198,E14001260,Hackney South and Shoreditch, ,533950,183720,-0.07003,51.5365,8067099.77391815,18689.7396426662,581f9a2c-8a7c-4c18-88fa-d3a3da9ff2cf
199,E14001261,Halesowen, ,396177,284346,-2.05768,52.45706,30797635.2716751,38854.0111637481,5d0a0c10-2fcb-4270-989b-bdce99378b00
200,E14001262,Halifax, ,408261,426901,-1.87624,53.73844,61493290.063858,62025.4842473305,f8024767-13d8-4a61-b08c-a8bf7b5646de
201,E14001263,Hamble Valley, ,451642,107301,-1.26757,50.8629,91996131.3352089,108055.731965759,12d269f2-259e-4df7-b9a9-73085294dd78
202,E14001264,Hammersmith and Chiswick, ,521933,178586,-0.24498,51.49308,12650280.1799393,26659.7341680929,25fa0afb-3e9f-4a63-839f-8235242084c3
203,E14001265,Hampstead and Highgate, ,527124,186200,-0.1675,51.56036,15264252.1792908,23177.1241472453,209027bc-7112-4e44-9297-30ce6681a8aa
204,E14001266,"Harborough, Oadby and Wigston", ,467122,293799,-1.01179,52.53794,166144422.509758,99671.0854596186,3adc447d-4dd2-46c9-9571-fd4610e1ee58
205,E14001267,Harlow, ,551996,212730,0.202569,51.79258,153341978.263771,101223.020769495,b099f863-2564-4d01-b776-a404773d1ee4
206,E14001268,Harpenden and Berkhamsted, ,505101,211593,-0.47744,51.79313,248285367.126358,132397.242500248,4d8a7c49-b0db-4077-babc-792ca60ebb93
207,E14001269,Harrogate and Knaresborough, ,434212,458112,-1.47936,54.0179,133511529.551819,82584.7637409178,036f2378-4ed2-4b92-9d39-f3fa1c089c9f
208,E14001270,Harrow East, ,516761,191589,-0.31514,51.61103,24983951.2514648,27522.8267401813,1d81a852-cf20-42f2-9c6b-e7ac120d86d2
209,E14001271,Harrow West, ,514333,188002,-0.35135,51.57929,17483648.0876007,24221.4767401393,f42b2814-89b1-41cd-a43b-4a784c8197cd
210,E14001272,Hartlepool, ,447161,531473,-1.27017,54.67613,93887001.355072,73979.8063164666,30b7da57-f1a0-410b-a919-ba83d22d0493
211,E14001273,Harwich and North Essex, ,606261,226701,0.996735,51.90067,326483293.960831,422290.751495627,3464a18d-d36c-473e-a56c-b9ce13fa9025
212,E14001274,Hastings and Rye, ,588656,116839,0.682749,50.92016,140455824.892345,122155.742878191,590a7392-a5c1-441b-963d-d48955b1a401
213,E14001275,Havant, ,471155,107783,-0.99025,50.86517,47595681.6557312,112431.115679518,95e48482-b2e6-4c25-8703-9f1d150d60bd
214,E14001276,Hayes and Harlington, ,508168,177728,-0.44344,51.48816,45036013.9627686,36558.0197407459,93da60ad-70fa-4be0-b978-8411ce25fc69
215,E14001277,Hazel Grove, ,394980,389162,-2.07696,53.39927,61402279.3306732,46205.1864285709,404ac1a4-29b2-49cb-baf9-e7752404b149
216,E14001278,Hemel Hempstead, ,504122,205121,-0.49356,51.73514,57378906.8291473,47680.9117760704,bb73ae95-0ba1-4bb0-82b0-c9c0c00f092c
217,E14001279,Hendon, ,522035,190701,-0.23931,51.60194,22845064.840683,32527.4405336331,cd5b9283-02ed-4c21-a681-cdf18c258366
218,E14001280,Henley and Thame, ,465037,191852,-1.06192,51.62174,548787068.0569,173503.220956229,61b49430-b0f6-43f9-b6f0-ce2d7ef8d692
219,E14001281,Hereford and South Herefordshire, ,342783,230969,-2.83437,51.97423,741051487.665314,216227.894994905,14897cbe-9dda-427c-b7ed-f7f91e8a81da
220,E14001282,Herne Bay and Sandwich, ,624442,164668,1.220864,51.33678,241538046.201317,170043.916299713,be1f2cac-759f-42f8-b2ab-b114aa51e540
221,E14001283,Hertford and Stortford, ,544102,217300,0.090088,51.83573,121431160.419456,92633.4543476477,72858375-1ab1-4a02-8498-1cf030541e07
222,E14001284,Hertsmere, ,519719,199882,-0.2696,51.68494,119758264.402229,80426.3237319343,101f8529-504b-42a4-b355-d3f65fe9024b
223,E14001285,Hexham, ,394338,575668,-2.09022,55.07544,2775353596.13245,391455.755373848,41c73a95-3523-4c25-b60b-c884500f523d
224,E14001286,Heywood and Middleton North, ,385746,412738,-2.21691,53.61101,71750170.7579956,53945.9437432733,74a791bb-a1ba-42bb-ae64-043d0b453309
225,E14001287,High Peak, ,410473,387653,-1.844,53.38563,540250052.960373,159568.980507591,fe04dba8-1dcf-44f5-bd5e-c5b8804c5f71
226,E14001288,Hinckley and Bosworth, ,439746,302050,-1.4144,52.61479,290010414.592262,119966.89275553,2b0b4781-5bc0-4761-8420-6aef2516db5e
227,E14001289,Hitchin, ,518242,229017,-0.28102,51.94709,227047428.353226,120602.673751851,0e12a7d6-a07f-4106-96b2-35ac527a812e
228,E14001290,Holborn and St Pancras, ,529549,183457,-0.13355,51.53516,9283405.33998871,17327.8177830941,feacdd5b-ebcb-40cf-93b0-0cf1af552441
229,E14001291,Honiton and Sidmouth, ,321400,99616,-3.11649,50.79075,647157077.889191,177905.720149565,49ef674c-c5f2-4558-9e1e-7bf22420de4a
230,E14001292,Hornchurch and Upminster, ,556973,186879,0.263066,51.55895,56777539.7815704,49022.9033861509,c7fb5777-bc80-4e22-b7a2-11cb9b351a10
231,E14001293,Hornsey and Friern Barnet, ,529684,189433,-0.1294,51.58883,13924242.1018982,23798.8812492054,33469e49-3c54-4857-967d-01840505b848
232,E14001294,Horsham, ,515068,127576,-0.36022,51.03602,311154128.924683,116103.179097461,bcc67efc-aea5-46f6-88ee-c88d048fa2f6
233,E14001295,Houghton and Sunderland South, ,436069,550949,-1.43976,54.85205,68930946.7082672,44742.5223276612,1fe7956c-cac0-46bd-9451-f8cfbad7ae7c
234,E14001296,Hove and Portslade, ,526924,107167,-0.19832,50.8501,23944051.3816376,23055.1573429169,356217df-7da9-4d89-a99c-ef6a08338fbe
235,E14001297,Huddersfield, ,415339,417385,-1.7694,53.65275,49093983.1384125,43525.5216186864,289d2b21-d122-44b0-a81b-4d31583541a1
236,E14001298,Huntingdon, ,520330,273828,-0.23481,52.34934,590970946.401169,150601.575964702,886e3de1-8a2c-4b2c-823a-f238fa2bd752
237,E14001299,Hyndburn, ,374760,428559,-2.38425,53.75279,90236705.2791595,52640.5839044004,72cc0e9d-b21f-48b1-8f1b-006b80b78374
238,E14001300,Ilford North, ,544432,190078,0.083602,51.59104,27247246.5331268,28642.1209989385,e5bfa715-536c-41f6-81c5-961b62c61fe2
239,E14001301,Ilford South, ,545958,187956,0.104733,51.57158,15198603.6923752,26775.8968299271,d56e6921-c613-4ba5-bc69-891d4a83dd15
240,E14001302,Ipswich, ,617201,244449,1.166723,52.05584,31513309.3833008,40409.2431498546,b37eaf7d-b869-4807-81a2-216cb7e7ae91
241,E14001303,Isle of Wight East, ,458807,87458,-1.16894,50.6838,115323373.221556,80185.8790154318,101ec4c7-f55f-41a4-9f33-45624e2935d2
242,E14001304,Isle of Wight West, ,443052,85949,-1.39211,50.67161,264273932.649168,187909.83343034,e37ae0ca-6241-456d-86e9-e787391bbe74
243,E14001305,Islington North, ,530597,186352,-0.11737,51.56093,7381341.11061859,14398.6589968216,1b22db28-53d5-42e4-bc3f-a29aa76474bd
244,E14001306,Islington South and Finsbury, ,531835,183831,-0.10047,51.53799,8068590.66091156,16197.7661013597,0e1c5484-275a-4352-b32a-e4f89f517297
245,E14001307,Jarrow and Gateshead East, ,431230,562612,-1.51386,54.95718,42245430.8776855,40430.6532633413,cfc84522-c9da-48d8-8205-b8dae850c43d
246,E14001308,Keighley and Ilkley, ,405388,444492,-1.91949,53.89658,164531002.259399,81670.9437795857,30c51213-eede-44c6-8025-c6e506f3b9c3
247,E14001309,Kenilworth and Southam, ,434535,251188,-1.49658,52.1579,665007788.968315,288133.76513775,018fd711-aae6-42cd-a7c4-4683f43ace5c
248,E14001310,Kensington and Bayswater, ,525560,179903,-0.1923,51.50412,11512606.7205276,21593.3614331411,a786f55d-592e-4830-b96f-624a3229eb29
249,E14001311,Kettering, ,484392,282106,-0.76018,52.43044,258915458.202583,107338.632371317,0cebe75a-3126-4cab-9bcb-3d583166834a
250,E14001312,Kingston and Surbiton, ,519278,166781,-0.28718,51.38754,26039488.0513229,31868.0653178199,1dc85170-61b1-4380-9418-e5bea431b648
251,E14001313,Kingston upon Hull East, ,512270,432105,-0.29795,53.77321,33736355.5858154,36323.3347150243,b283617e-1773-4ae5-8ecc-111b85de9dcd
252,E14001314,Kingston upon Hull North and Cottingham, ,505561,432310,-0.39964,53.77645,37108707.5872498,44513.4569710386,bce2e3a3-d5fb-475e-af01-717f007ed1ab
253,E14001315,Kingston upon Hull West and Haltemprice, ,505465,428475,-0.4024,53.74201,36830312.8458099,32264.5291337858,a75e8163-1b41-436d-9037-e6514012690d
254,E14001316,Kingswinford and South Staffordshire, ,384550,293632,-2.22922,52.54033,185898965.739594,105835.031196681,7fa49e67-a43a-4b08-a52e-3296586d63fd
255,E14001317,Knowsley, ,343319,396253,-2.85514,53.45997,51209704.3979111,47617.8143175137,7c52ba1f-3b6e-4734-85f4-9809b8c8234c
256,E14001318,Lancaster and Wyre, ,348996,450919,-2.77866,53.95185,407697986.216034,274161.715503371,f0dd248f-6120-4bf5-b0c0-dc2b0e354b9d
257,E14001319,Leeds Central and Headingley, ,426677,436783,-1.5962,53.82665,20414584.1728668,29780.0816646939,2cea2285-aefb-4fa1-abb5-8a0034d81c65
258,E14001320,Leeds East, ,439486,433085,-1.40209,53.7926,58066052.0439606,57815.0809337523,a9cf53cd-c6c4-4b06-87b4-3c5577d7968b
259,E14001321,Leeds North East, ,430948,438845,-1.53111,53.84494,39405205.5746765,34244.1067053986,34121bd4-90bf-4b8f-a56f-05d6947fb532
260,E14001322,Leeds North West, ,421082,441886,-1.68085,53.87277,85551935.8963928,71580.12195491,a7beac70-701d-4742-8e75-75c352eccb4a
261,E14001323,Leeds South, ,430894,430978,-1.53272,53.77424,38422122.3672791,33426.1980475892,07ea2bbb-32ac-4d38-a88b-6164fb2fa5bc
262,E14001324,Leeds South West and Morley, ,425122,428338,-1.62051,53.75082,56794114.4401093,55475.0980743995,70dfdcf2-ee11-4cfe-92c8-f7c0ccedd1b0
263,E14001325,Leeds West and Pudsey, ,422947,434985,-1.653,53.81066,35179420.4775696,36847.4733362747,e046a532-188c-49af-a359-f2bbad2a1702
264,E14001326,Leicester East, ,461673,305742,-1.0899,52.64593,21472646.2217407,23293.5731956913,76be5385-ebbb-46e9-84a9-daa55ce5fd90
265,E14001327,Leicester South, ,460036,302581,-1.11467,52.6177,19184421.4077606,28070.2589114329,626d5b88-f93d-4a91-8f94-41ef349843a5
266,E14001328,Leicester West, ,456222,306111,-1.17039,52.64984,32680047.0274887,35800.5338966328,d29b101d-77de-4d27-bf77-30e537f4f75b
267,E14001329,Leigh and Atherton, ,364705,399668,-2.53345,53.49254,53156866.2621765,51271.9608566301,1af95fe6-b897-4b96-9c58-bdb37d3503ab
268,E14001330,Lewes, ,552857,105811,0.169249,50.83165,356723431.712524,200663.561539006,712f3844-ff65-4fbd-ac93-a968450b636d
269,E14001331,Lewisham East, ,539092,172809,-0.00024,51.43721,15866463.2681961,24960.911763587,b9ee9bc1-dded-4873-896d-d9c5b49551b1
270,E14001332,Lewisham North, ,536527,176551,-0.03567,51.47146,11899690.1418762,23925.1807240542,cdb0c450-ec90-4daa-9a31-f264a18aae1b
271,E14001333,Lewisham West and East Dulwich, ,535196,173315,-0.05606,51.44269,11430834.6788483,21669.8765171013,ee92c270-a46a-42ba-bcf1-60f6badbe9f9
272,E14001334,Leyton and Wanstead, ,539894,188087,0.017345,51.5743,17217075.9036102,24883.9753481042,40235a33-b56b-4349-866d-d5545352d774
273,E14001335,Lichfield, ,412222,317502,-1.82034,52.75501,317044139.042572,109873.958216642,298c810a-c6c5-421d-b119-308213039712
274,E14001336,Lincoln, ,495467,370186,-0.57163,53.22018,63932672.0137482,52346.940948559,5a6c8e01-e110-4a07-83b7-fdb9224b0115
275,E14001337,Liverpool Garston, ,342116,385849,-2.87134,53.36633,33750617.4339142,35723.1299585008,f7aa7d3a-5902-4084-bd80-43e22860ca34
276,E14001338,Liverpool Riverside, ,335367,390813,-2.97377,53.41016,21446389.0421753,25405.4158808579,b99aed1c-8cc6-42b6-a414-f6518f8b71eb
277,E14001339,Liverpool Walton, ,338234,396473,-2.93176,53.46138,25352774.0957031,29502.3085110643,18377e05-117f-45e9-94a2-a84b8eb564ae
278,E14001340,Liverpool Wavertree, ,338780,387915,-2.92187,53.38453,19669257.8440704,29009.0836629898,eed14b56-2960-412e-a3b3-911bc5fbe021
279,E14001341,Liverpool West Derby, ,340288,392580,-2.90009,53.42663,18769730.4558182,24715.4507357565,49ee9195-2eb8-4781-a102-12dd09d69d7c
280,E14001342,Loughborough, ,453939,319923,-1.20187,52.77423,122481769.953995,72993.5103319897,31af9135-8363-4cf4-81d8-f54a160c630f
281,E14001343,Louth and Horncastle, ,533602,382253,0.004253,53.32037,1314307678.67575,314503.531476393,5db52c18-c261-489c-9073-634cd02b6df4
282,E14001344,Lowestoft, ,648544,298239,1.662589,52.5253,108993412.530823,100092.373216067,327db430-05bf-43a9-a1a2-ad07e7cc8a23
283,E14001345,Luton North, ,507987,224395,-0.43161,51.90764,21923644.856575,27548.1947150449,4ea8f188-80fc-4287-ab8b-9f42a848c919
284,E14001346,Luton South and South Bedfordshire, ,509842,218541,-0.40652,51.85466,100689091.578575,82878.1292186332,2d2a26e5-7c36-46c0-a8b5-41831bdd3018
285,E14001347,Macclesfield, ,390591,374746,-2.14253,53.26963,301697119.156738,101884.660645442,b785bd27-072d-4e20-ad0f-e14f08f4702a
286,E14001348,Maidenhead, ,487442,178744,-0.74162,51.50088,182376779.306503,90772.4920194408,ec602aab-2429-415a-8662-ff9611335497
287,E14001349,Maidstone and Malling, ,571932,156201,0.463786,51.279,51780155.0933533,49357.4936573596,6774da42-16be-4453-b28b-11113f26f622
288,E14001350,Makerfield, ,358387,402918,-2.6291,53.52128,56947390.2049561,58591.4610008303,b80b4e36-ba82-4a43-a0b6-c31b227107b1
289,E14001351,Maldon, ,585980,201772,0.688954,51.68391,384096997.973259,398437.135824137,ca2fd84c-23cd-4a8c-a589-e3530d4bbcc8
290,E14001352,Manchester Central, ,388412,399810,-2.17613,53.49488,27567154.0701447,37381.1213480521,a8cf9739-d05b-4373-a694-c4d042a2a389
291,E14001353,Manchester Rusholme, ,384713,395653,-2.23168,53.45742,14825112.5884705,19943.318678085,7ab54411-321d-43a8-857f-9e64b5d3432d
292,E14001354,Manchester Withington, ,383432,392131,-2.25079,53.42572,18174620.3235016,27794.9339070148,72189cb1-67a9-4e0c-8d5e-76dc0476464a
293,E14001355,Mansfield, ,455693,363914,-1.16833,53.16945,70855439.7720642,52738.8143708512,a4934c00-80c6-46e0-a633-75b78cc39ee5
294,E14001356,Melksham and Devizes, ,397194,161497,-2.04167,51.35253,417569302.313511,174788.429597009,71f9de1d-d974-4d14-904f-c90cb5d8a6f6
295,E14001357,Melton and Syston, ,474706,321143,-0.89381,52.78272,569722928.438812,160842.516124338,f869bfbb-dadf-4c19-b045-aa3c0713a397
296,E14001358,Meriden and Solihull East, ,420288,280411,-1.70309,52.42133,133669946.564758,83940.5386376449,5649f7d8-0513-4b6c-bf8d-017d93d811c4
297,E14001359,Mid Bedfordshire, ,503098,235961,-0.49919,52.01252,347465951.664978,116590.79188087,77fcc396-0e8c-4dae-88ce-fb966eb844a9
298,E14001360,Mid Buckinghamshire, ,472550,210648,-0.94951,51.78979,541645797.191498,222896.33496817,3d9733d8-22ae-4c60-8954-77a048243688
299,E14001361,Mid Cheshire, ,365660,368705,-2.51568,53.2143,105053947.588287,66921.3731870041,f6da5c4f-d1ee-44d2-9203-ac35e780fda3
300,E14001362,Mid Derbyshire, ,437112,341738,-1.44882,52.97173,142310193.305038,110003.268953067,f0474f71-11fe-485c-9ef9-ee71db143827
301,E14001363,Mid Dorset and North Poole, ,396033,96302,-2.05761,50.76628,303101558.011633,219918.664180584,0ab3bb4e-fe48-4c4c-843b-f78dbd2021f2
302,E14001364,Mid Leicestershire, ,452109,309049,-1.23072,52.67666,137701417.668671,87266.0574094122,39391fab-033c-4521-8428-b7e8ae9f6dda
303,E14001365,Mid Norfolk, ,596334,308514,0.900213,52.63886,838981616.931488,192701.807537593,81977647-c5f6-440b-b5e7-bd93751d7c7b
304,E14001366,Mid Sussex, ,529850,119269,-0.15247,50.95822,165922609.277054,90046.2885630153,852894e2-216e-4f14-8ff8-f86d0525a18f
305,E14001367,Middlesbrough and Thornaby East, ,449135,518477,-1.24173,54.55916,35457292.6785583,46140.4329806614,28f8b69d-1909-4e70-b3e7-1cb38cc09d8e
306,E14001368,Middlesbrough South and East Cleveland, ,465116,516424,-0.99511,54.53891,195280382.165512,103772.739844975,3352a94b-0f2b-430e-b12b-75fc0e8e4e35
307,E14001369,Milton Keynes Central, ,486814,236383,-0.73628,52.01909,65796709.3485336,48690.8737352118,14307722-8993-490f-b9e8-fe3d396c0311
308,E14001370,Milton Keynes North, ,486752,246003,-0.73474,52.10557,221359050.180359,87325.5735392703,44bc17ca-f78f-4db3-b4f0-a94de3b85202
309,E14001371,Mitcham and Morden, ,528027,168564,-0.16087,51.40166,18682729.434166,29730.700975362,7ab36130-1994-475e-a45e-05fdc0d976eb
310,E14001372,Morecambe and Lunesdale, ,359746,472666,-2.61777,54.14824,823789851.437241,329142.775176403,61e16644-4689-41b1-9e41-fe9b5586ead7
311,E14001373,New Forest East, ,435182,105109,-1.50165,50.84443,395785082.873901,244529.799162823,15c419a4-8bec-409d-966e-fe6e5d31556d
312,E14001374,New Forest West, ,418341,108090,-1.7407,50.87201,356326770.654404,166681.59165187,9bc2f681-4489-4e06-977a-3738e69fac9b
313,E14001375,Newark, ,476382,361346,-0.85951,53.14381,772876574.711807,268117.050567522,02b3d028-0ccb-4382-9c77-f69194417b82
314,E14001376,Newbury, ,441905,173263,-1.39825,51.4568,396741428.611282,123727.206389959,eb6c42ab-9774-4338-838b-7c2121ca21da
315,E14001377,Newcastle upon Tyne Central and West, ,420882,565739,-1.67522,54.98582,32398226.7365875,31820.5029650999,cd6635a4-2ee0-4712-8863-0fb48b5a913b
316,E14001378,Newcastle upon Tyne East and Wallsend, ,429278,566123,-1.54399,54.98885,27007642.6396484,33245.5400240747,af829723-b6ca-49c8-acc6-174909bca362
317,E14001379,Newcastle upon Tyne North, ,424447,568463,-1.61929,55.01013,32331262.0141296,31822.9657001942,b7bb8f49-57a8-4c40-9536-ba80562836d8
318,E14001380,Newcastle-under-Lyme, ,380429,348031,-2.29326,53.02921,102737571.848053,55895.471389084,56419990-d7fb-47f8-90f2-2db9e58bf0c2
319,E14001381,Newton Abbot, ,288933,74357,-3.56936,50.55837,196919569.757969,129491.423436809,3777ed4a-39fe-46dc-8c3b-f70960aedc5c
320,E14001382,Newton Aycliffe and Spennymoor, ,432034,530890,-1.5048,54.67207,246512098.234253,101036.133126861,93ac91e5-ee6b-4fc6-b062-c16a58542871
321,E14001383,Normanton and Hemsworth, ,442193,416477,-1.36325,53.64312,154816953.855499,74377.363587922,af097d27-7a86-4903-8a26-1d63f3fd0a2d
322,E14001384,North Bedfordshire, ,506189,254811,-0.4483,52.18135,584859597.812134,179328.102768828,3b10d9a1-3f26-48b6-8447-d4fcea7358b9
323,E14001385,North Cornwall, ,212024,78839,-4.65642,50.57895,1280395341.33905,414021.153441581,4646bdf5-4506-49e4-bcd4-5075a44f6713
324,E14001386,North Cotswolds, ,400859,214079,-1.98893,51.82533,1031895297.39526,317831.119850241,15076274-c94f-47d3-bcdf-04c0f76952c7
325,E14001387,North Devon, ,265112,132533,-3.92688,51.07621,1085890916.08253,322146.780286365,37a40bbd-7c98-4832-861b-56267c54b5dd
326,E14001388,North Dorset, ,391511,110749,-2.12207,50.89615,796702680.050306,236977.676221051,fd1d7388-fa1b-4ea6-9774-d6459437cebd
327,E14001389,North Durham, ,422927,549506,-1.64455,54.83986,229673626.755997,133155.797944966,a884b44d-5b4f-4138-aa73-f2453833fbd0
328,E14001390,North East Cambridgeshire, ,536355,294959,0.008927,52.53545,546447846.696777,187525.69077793,858d5d84-044c-4e82-8dc4-224fd38c05d9
329,E14001391,North East Derbyshire, ,437369,365923,-1.44219,53.18911,226322432.235336,148784.531690662,d5247086-1781-40da-8820-3e5a5296edcb
330,E14001392,North East Hampshire, ,472997,153907,-0.95478,51.27963,327340167.437805,104943.397855436,b9c8361b-2788-4890-8f96-94a799c5f148
331,E14001393,North East Hertfordshire, ,533034,227734,-0.06642,51.93223,502265357.582771,160869.112071768,1bc780d5-e922-491d-9dbd-c6d3e8a8ade4
332,E14001394,North East Somerset and Hanham, ,362388,164194,-2.54176,51.37554,209464576.93235,138570.404948321,616de709-d86e-4a2a-9996-adfc1a41b008
333,E14001395,North Herefordshire, ,348792,251360,-2.74996,52.15813,1438636853.03983,354229.421104637,d93b044e-3a0f-4d4b-9431-fae59e6729b3
334,E14001396,North Norfolk, ,623434,330857,1.315234,52.82891,770297112.443863,564495.824054407,574cb9e1-b28a-4213-9a00-6087dafacc21
335,E14001397,North Northumberland, ,404419,619639,-1.93166,55.47056,2143908860.23875,442693.043409112,b1fbf001-336c-4647-9475-044b08facbda
336,E14001398,North Shropshire, ,339931,330083,-2.89372,52.86487,772653921.510597,261895.849720398,55059bf0-0976-47b7-8fc7-66e08138b681
337,E14001399,North Somerset, ,348757,169385,-2.73834,51.42114,196719712.087502,122165.679793131,b1d396d9-5f82-4ba6-98f2-ffd512cac47c
338,E14001400,North Warwickshire and Bedworth, ,424687,296012,-1.63725,52.5614,266501372.530678,140829.443214831,9155c768-04ff-4247-9709-369af388700c
339,E14001401,North West Cambridgeshire, ,515677,295334,-0.29565,52.54359,388283846.856689,166805.417123711,66f77795-e0ad-406a-b6ba-1cf373cb327a
340,E14001402,North West Essex, ,559858,228077,0.323565,51.92826,621448333.952942,198967.116444353,0adbfa99-a52c-4ae1-9cfb-8ddae5860894
341,E14001403,North West Hampshire, ,444059,153514,-1.36969,51.27907,446293878.073231,135037.328172634,fa7cf752-21b4-46e0-b04f-67888945f1c7
342,E14001404,North West Leicestershire, ,440279,316640,-1.40475,52.7459,236889653.306793,112270.393448902,a446bc8d-4900-4ce6-a309-4aeb91aa1729
343,E14001405,North West Norfolk, ,574445,329423,0.588193,52.8341,824680295.481323,577052.447880385,1b84fd01-c7b8-4305-a53a-bc8a1407909a
344,E14001406,Northampton North, ,475987,262587,-0.88818,52.25623,30864844.3847809,32551.2340030379,780ea5e7-9782-4174-af0f-8d8c0328b9bb
345,E14001407,Northampton South, ,476495,258208,-0.88173,52.21679,49932394.6755981,51502.246780025,dcb95e15-832c-408e-853a-c04453dca37b
346,E14001408,Norwich North, ,623005,312297,1.296274,52.66252,41947445.5548096,52782.3719144339,a6a1641a-8afa-4968-a99c-92da7d5f080f
347,E14001409,Norwich South, ,621220,308013,1.267055,52.6248,28715648.5213928,43601.8874687203,76073eb9-7f82-40cf-8d2d-7a60703491be
348,E14001410,Nottingham East, ,458200,341416,-1.13489,52.96697,21677381.1595001,26705.1953072009,440efcfe-2a67-4d38-9282-7a15065b0920
349,E14001411,Nottingham North and Kimberley, ,452832,344369,-1.21433,52.99407,40028406.3176117,43935.2623955953,b3fa5064-4032-4bff-a77c-380f3fc3fbf3
350,E14001412,Nottingham South, ,454918,338035,-1.18432,52.93693,32315244.589447,43153.4389281522,03968b51-a4c9-4a18-9143-37de2b65a3c3
351,E14001413,Nuneaton, ,431696,292175,-1.53423,52.52654,83013441.9702759,58949.0686805191,f2dc66ae-ecf0-4990-9127-840aab960c93
352,E14001414,Old Bexley and Sidcup, ,547995,173624,0.128095,51.44227,26984054.4036789,29583.3856301752,a430c9d2-5e0e-41fa-a7b4-8579fc5ac68c
353,E14001415,Oldham East and Saddleworth, ,398906,408181,-2.01799,53.57025,104409906.495392,58302.1991374431,fe865e9a-ac8d-41f7-b27f-7129fbd3fe8a
354,E14001416,"Oldham West, Chadderton and Royton", ,390878,405957,-2.13914,53.55018,30838812.011261,33515.4033712675,53efd011-dd6d-438e-836c-f2a35694dad3
355,E14001417,Orpington, ,546312,165205,0.100427,51.36706,67869846.1669312,50411.6431391226,dc799878-f68a-43ab-9de4-4c89b3ad28b8
356,E14001418,Ossett and Denby Dale, ,429637,414876,-1.55332,53.62959,140525100.882904,97355.279495473,70ee972b-6424-4023-a8a6-3628a7f7607f
357,E14001419,Oxford East, ,453829,205066,-1.22177,51.74172,28049466.0945435,32487.459736278,11b9eced-b124-45a4-8b23-14b8a7090127
358,E14001420,Oxford West and Abingdon, ,448660,202860,-1.29694,51.72236,107597071.83326,72208.1975979565,839f0c51-3733-41ca-9b6e-457b1baee572
359,E14001421,Peckham, ,534174,177128,-0.06931,51.4772,8123376.55455017,17531.6356010034,02730131-8680-47b2-a424-c0fc5dcdd09c
360,E14001422,Pendle and Clitheroe, ,383729,441851,-2.24894,53.87261,236959400.520981,105849.647351324,ca5d24dd-6312-4fc4-8b0e-77c3c94f79de
361,E14001423,Penistone and Stocksbridge, ,423088,401791,-1.65331,53.51231,293792904.999405,108102.681022988,e4690345-18a8-4a40-b19a-65c5cf4e38ad
362,E14001424,Penrith and Solway, ,359042,535004,-2.63719,54.70838,1974252718.19006,445256.366359233,785a059c-fd3d-4f14-b386-751268f4ed5a
363,E14001425,Peterborough, ,524852,303751,-0.15726,52.6172,172329879.431641,64048.4443822514,cb8a4982-67a5-4e50-8fbf-157df0d13334
364,E14001426,Plymouth Moor View, ,248140,59378,-4.13881,50.41457,33410518.6072931,35982.2271295281,1aa7ded0-d0d7-4b97-895d-d24fb582369c
365,E14001427,Plymouth Sutton and Devonport, ,247632,55528,-4.14439,50.37984,20345248.9550724,42062.8735759546,22b85aed-9371-49bd-8537-3c11429a78e9
366,E14001428,"Pontefract, Castleford and Knottingley", ,446977,422144,-1.29004,53.69365,73513676.8213959,59676.9665945256,49a5a19c-96f6-4aa2-9ffc-dd1216bf3e1d
367,E14001429,Poole, ,403756,91000,-1.94815,50.7186,30289157.0154076,76152.2702627997,e68c17b1-dab9-4b7a-9b1c-f690110180c8
368,E14001430,Poplar and Limehouse, ,537748,180421,-0.01659,51.50594,9140532.51773071,24568.4414208006,d8fc9cf0-90c7-4716-83bb-fe85f8924a0b
369,E14001431,Portsmouth North, ,466076,105236,-1.06287,50.84287,26977543.0506287,56746.8620502996,28170ab5-8cee-4ebc-8810-7ff20fd94ea6
370,E14001432,Portsmouth South, ,465418,99876,-1.07317,50.79475,13409107.5236626,26869.3339394427,bfe7bb98-826c-4564-af4e-e7d5f6a75bbf
371,E14001433,Preston, ,353334,431064,-2.70954,53.77382,40378890.158783,50887.8166132431,a10d8dda-fba0-4001-9590-788b4923764b
372,E14001434,Putney, ,523538,174101,-0.22344,51.45242,13809613.7478333,20459.2789494196,1059f4a7-03ed-413d-a91d-6b7ecb47c733
373,E14001435,Queen's Park and Maida Vale, ,524371,182884,-0.20837,51.53117,7619980.0274353,19746.5481136777,5ec126cf-3f94-414c-84a6-f5e4fd80b27f
374,E14001436,Rawmarsh and Conisbrough, ,451480,396400,-1.22609,53.46185,100509879.036758,84335.1742141726,3d9a4e87-a274-4d8a-a645-926c4df9198a
375,E14001437,Rayleigh and Wickford, ,580545,192649,0.605717,51.60374,67307815.0590515,78629.4873502371,e6ea8894-5a30-45d1-959a-3158740dd0f9
376,E14001438,Reading Central, ,471018,173955,-0.97915,51.46012,25754507.2313843,33351.4407060174,c8e9e8fa-adfa-426e-b1ac-bcaa1c278d56
377,E14001439,Reading West and Mid Berkshire, ,457864,172341,-1.16872,51.44711,313733043.98925,114095.635763656,0ff7ea54-6307-4438-9542-092ef48d2844
378,E14001440,Redcar, ,460199,521567,-1.07004,54.58573,75797897.1225433,70887.2263096781,765864c0-3e3e-4cd1-8a43-0dde0640e8c3
379,E14001441,Redditch, ,400757,259145,-1.99032,52.23051,188068762.8283,126385.30038,c3a3a4b3-290c-4e84-95a0-f209fb62987e
380,E14001442,Reigate, ,525148,154102,-0.20731,51.27233,87557007.4753723,57560.1467721668,02756a74-2332-4227-aa7c-7b5ea25f74d6
381,E14001443,Ribble Valley, ,366856,444482,-2.50584,53.89545,648782383.102142,202489.632813069,44950dc7-db5b-4dff-b281-0401af58ab1c
382,E14001444,Richmond and Northallerton, ,412781,495786,-1.80484,54.35745,1902131396.46999,354883.95005586,cabe16fc-ff8d-4604-a159-356bedf09e96
383,E14001445,Richmond Park, ,519834,173279,-0.277,51.44583,35479197.2949066,38132.0557694986,1df39af9-d851-4813-acfc-b3be07a88b28
384,E14001446,Rochdale, ,393100,415285,-2.10582,53.63405,79713646.6041565,48139.1011748862,07243c46-140c-4a79-973d-769c465941f0
385,E14001447,Rochester and Strood, ,578207,175198,0.563174,51.44772,145110583.027534,211929.503155481,a284d772-9678-4649-aac5-5b91e09b277e
386,E14001448,Romford, ,551410,190669,0.184512,51.59452,29743989.4666901,31581.4852802691,6ec048f8-9fb4-4bbc-b2aa-e5c886889056
387,E14001449,Romsey and Southampton North, ,434930,130031,-1.50284,51.06854,535797029.741573,183113.39208647,0ef8eb1b-50cd-43a3-953a-0e21f7413c9d
388,E14001450,Rossendale and Darwen, ,372448,420953,-2.41863,53.68431,218212160.232819,124765.248216157,e167b771-e52a-4402-874e-ff7a8ad531ec
389,E14001451,Rother Valley, ,450722,385968,-1.23918,53.36817,159469897.292587,79090.0870306046,47860c7a-34ba-4983-a657-531cb24289ff
390,E14001452,Rotherham, ,442881,390025,-1.35646,53.40532,58383596.0301971,64784.8575597545,e1302167-c0e4-4502-bd2b-c7fa74a1fc83
391,E14001453,Rugby, ,446260,281329,-1.32107,52.42801,244640887.707375,89353.3517434572,c9fa7b76-d694-42de-b245-0f146c81bba6
392,E14001454,"Ruislip, Northwood and Pinner", ,508528,189995,-0.43448,51.59835,40447948.9748993,39014.1996210143,a991ccdb-e361-40d7-ba25-5cb290c9d266
393,E14001455,Runcorn and Helsby, ,348875,376066,-2.7682,53.2791,187333545.801659,98024.9774057132,ede8879a-e197-4c4f-82ee-6851562f39f7
394,E14001456,Runnymede and Weybridge, ,503853,164452,-0.50946,51.36964,102163292.234589,84379.8364132836,ad81fcd3-884e-45db-b193-018a294ee2dd
395,E14001457,Rushcliffe, ,460769,331079,-1.09857,52.87378,289701844.782974,101581.448281175,4fe7638f-0ae9-4e6e-a5cc-d2faf7dfdd6d
396,E14001458,Rutland and Stamford, ,497925,312272,-0.55231,52.69929,960049420.86972,249861.803709128,23e7bf49-5d80-4738-87a7-14222917069c
397,E14001459,Salford, ,380211,399703,-2.29974,53.49367,27744374.112854,34047.7506805807,3ee46260-c669-4ea9-87db-ee4305cd70b9
398,E14001460,Salisbury, ,405912,130547,-1.91698,51.07421,692914124.779018,184429.147650866,ce01e2c6-6c7e-4df6-964a-5f06e3eb8f17
399,E14001461,Scarborough and Whitby, ,485776,506114,-0.67886,54.44321,738274509.117554,219179.634864286,0c381111-99ea-49f3-9727-f93b92f813bb
400,E14001462,Scunthorpe, ,494491,402225,-0.57669,53.50825,281250558.894547,126937.943928386,1c5505e8-52a8-4021-8502-294c2d30a7b6
401,E14001463,Sefton Central, ,328976,406093,-3.07335,53.54666,88916775.7221909,79825.0433013753,e627c51b-10d6-4e20-98d8-0558ec12a141
402,E14001464,Selby, ,457620,427208,-1.12794,53.7381,504800651.15062,246842.598709807,b878dd14-9f8a-49c3-b1dd-0d503e5044cb
403,E14001465,Sevenoaks, ,551328,160034,0.170233,51.31929,253886361.821335,94594.5645533555,b8cb75d0-6584-4126-ae47-c5b3b445cff9
404,E14001466,Sheffield Brightside and Hillsborough, ,435434,390928,-1.46837,53.41399,28344122.103241,28340.9617555855,71a78f0e-ff07-49b5-a0f7-1f4a0e21eb5d
405,E14001467,Sheffield Central, ,434326,386259,-1.48554,53.3721,12671597.6138,21220.4090497508,80857679-cdd4-4aac-90cd-3512be37d6bc
406,E14001468,Sheffield Hallam, ,426553,388893,-1.60214,53.39622,136429544.748581,77448.9364339413,92324085-172d-42fb-973d-d60af99500e9
407,E14001469,Sheffield Heeley, ,436334,384696,-1.45554,53.35791,27940163.9741211,31059.3326351325,8ca244df-0eee-4edf-a4b2-90d63181664e
408,E14001470,Sheffield South East, ,440551,386679,-1.39193,53.37543,47047102.8950348,50359.7316304154,456ef5c5-6407-4aed-bf94-0cd1e1064080
409,E14001471,Sherwood Forest, ,460967,360000,-1.09019,53.13369,309862554.101761,139053.31241384,04e5d2a7-23b1-4e5a-9a2b-67e5a103063d
410,E14001472,Shipley, ,412611,439633,-1.80977,53.85279,94897503.9904785,82195.7832350727,e4d44f60-b53f-4483-a08d-edc6ca04c191
411,E14001473,Shrewsbury, ,341129,311462,-2.87257,52.69763,333904836.299919,139461.334422257,b9bda525-087f-4bfd-8604-35a9c733f3dd
412,E14001474,Sittingbourne and Sheppey, ,596761,170678,0.827341,51.401,165372972.764877,263999.450441072,95f91784-ba46-4f8a-bcf0-f907e3bcdb01
413,E14001475,Skipton and Ripon, ,400540,462236,-1.99324,54.05609,2032831145.03947,342349.096938627,4d9cf61f-a745-4131-a07c-caf879f60e84
414,E14001476,Sleaford and North Hykeham, ,502609,357854,-0.46865,53.10804,718881737.26088,165082.49967343,dcc887b0-e3e0-466d-a62d-873db761761a
415,E14001477,Slough, ,496534,180509,-0.61019,51.51526,24625655.0430374,37264.4121846186,eb9d5505-762f-465a-a7a3-2c77e6b59a76
416,E14001478,Smethwick, ,400433,287646,-1.99504,52.48674,21790964.5722885,29892.1065750448,c3e53d36-3d6b-4708-a1d5-d5a3e27ef41b
417,E14001479,Solihull West and Shirley, ,412634,278232,-1.81572,52.40197,39198129.9812393,38253.6547802136,f551ed73-3a13-4408-8658-afd393a7ebfc
418,E14001480,South Basildon and East Thurrock, ,568409,183316,0.426184,51.52365,120810837.876289,125756.182161163,75def08b-f4db-4b61-a89f-87952325d831
419,E14001481,South Cambridgeshire, ,545788,250998,0.128854,52.13806,588953362.533676,198193.288246234,bfdc8a83-3ed1-4df3-8d21-2bdac811a066
420,E14001482,South Cotswolds, ,391889,189525,-2.1185,51.6045,838389341.326298,251299.884020438,64c18bc2-b966-4855-8fa0-f48c59783026
421,E14001483,South Derbyshire, ,433551,325042,-1.50355,52.82189,290939657.46801,152021.649059122,656898bc-473f-444a-9876-0ed646522142
422,E14001484,South Devon, ,278066,51406,-3.71523,50.34989,634431529.39525,393730.635401408,b76f7bc6-394f-417d-95d0-313f5311b72e
423,E14001485,South Dorset, ,382491,85482,-2.24911,50.66872,350974252.078476,256482.808797863,1416ec21-aed0-4a18-a77f-425834b2a06e
424,E14001486,South East Cornwall, ,226462,62940,-4.44531,50.44057,708899023.207046,397067.53085121,779dc69b-8930-46d0-a1fc-b0c2d916c984
425,E14001487,South Holland and The Deepings, ,532912,322822,-0.03058,52.78663,778814233.937592,455125.790178828,480436bb-6c4c-4072-9f97-81659df6f9e4
426,E14001488,South Leicestershire, ,455897,289152,-1.17805,52.49743,331689887.500328,116486.052523372,7b1bb4a5-0f60-4958-acd2-66dab1e4525d
427,E14001489,South Norfolk, ,623862,301284,1.301476,52.56332,522002747.272568,229875.358300052,a01323ca-511b-43be-9876-445b656f8630
428,E14001490,South Northamptonshire, ,464727,248230,-1.05585,52.1286,633201652.303528,217958.451984165,d9d25f72-a9c7-420b-a43d-3b1244af0066
429,E14001491,South Ribble, ,350309,421395,-2.75388,53.68664,140375822.753128,127234.316954492,1f5d5d9d-7a51-4709-9134-16ce9820e901
430,E14001492,South Shields, ,438004,563694,-1.40795,54.96643,35455473.3829346,39194.9545938589,af600c70-6940-4076-9150-c09e1b89d600
431,E14001493,South Shropshire, ,355092,289840,-2.66303,52.50461,1822667067.29369,348446.971433809,4492409d-4cc4-467b-b6f8-8801c8013227
432,E14001494,South Suffolk, ,599987,244692,0.916149,52.0645,595116005.391235,210653.411578395,d212c0d4-be21-45ac-ab5d-b35347889a02
433,E14001495,South West Devon, ,258144,60188,-3.9984,50.42435,393995080.91684,192091.537931866,5eee0e99-4819-4031-b4f4-84e53baf403d
434,E14001496,South West Hertfordshire, ,507313,197968,-0.44957,51.67025,97152134.4351883,76274.1934308444,00d2c000-46aa-4616-9775-d69a5416e597
435,E14001497,South West Norfolk, ,573376,297872,0.555738,52.55109,1159097998.61636,319439.721113687,30d541ae-b9b6-47d4-9c4e-82764b32f35e
436,E14001498,South West Wiltshire, ,391922,145100,-2.117,51.20504,451547948.708801,142933.36304051,f4ceb827-5cab-4def-b503-9dbec3112b17
437,E14001499,Southampton Itchen, ,445456,112145,-1.35486,50.90698,20352907.6379433,37245.7180456963,9ad6392f-8702-402d-a906-5adf3660162e
438,E14001500,Southampton Test, ,440306,114131,-1.42789,50.92522,22017836.3782196,32927.2874002833,e77208cd-cad5-43ec-a638-747e77f99942
439,E14001501,Southend East and Rochford, ,586492,190334,0.690265,51.58101,132194260.738922,209640.816486219,63408312-8deb-41e8-bec8-5b2a6c9d3a15
440,E14001502,Southend West and Leigh, ,586133,187496,0.683588,51.55564,23100711.3096313,47233.146678735,2486f38d-a305-4128-860d-b979de5ab0e8
441,E14001503,Southgate and Wood Green, ,529433,196196,-0.13052,51.64967,24729256.2137222,39619.2187441929,1837c460-e214-4d96-b555-752f328e6234
442,E14001504,Southport, ,339979,419859,-2.90998,53.67175,122536232.646713,195931.434057886,d762fac5-25a7-45af-a675-e6cd69847633
443,E14001505,Spelthorne, ,507012,169622,-0.46254,51.41552,51171307.0410538,44178.786461342,af42151f-0a0b-41cc-ad21-2483dbd73373
444,E14001506,Spen Valley, ,419827,423734,-1.7011,53.70967,62098585.6381683,52771.8762732745,d3bc1182-5028-49a3-a803-fa54951bd32a
445,E14001507,St Albans, ,515636,206011,-0.3266,51.74088,59692534.2329941,54053.8205299741,5783e160-9f6e-4411-ae81-7acd12587965
446,E14001508,St Austell and Newquay, ,202249,54286,-4.78134,50.35517,294526474.857686,195975.149022311,3595a8a8-db9e-4bf1-a71f-6ef35972680a
447,E14001509,St Helens North, ,351265,398699,-2.73586,53.48275,83808269.0543518,62914.2272018784,433e6e4b-6b8d-4dc5-9c17-5cece38c347d
448,E14001510,St Helens South and Whiston, ,351809,392646,-2.72673,53.4284,54919207.0249786,44854.6811991622,acc3c8ae-ffdc-49ed-93f6-54d24a71c590
449,E14001511,St Ives, ,141325,26415,-5.61722,50.08141,578078721.210509,427532.500593172,6239f4dc-1e71-4e96-a1ad-ba94378a28a1
450,E14001512,St Neots and Mid Cambridgeshire, ,535294,263628,-0.01934,52.25421,349871713.825874,122894.014810683,8ff35577-f0ea-4a19-8021-58ab0f4b8334
451,E14001513,Stafford, ,382011,326772,-2.26848,52.83817,416314588.80397,146304.088019839,eb517efe-51cf-4a8e-879b-577333eaa160
452,E14001514,Staffordshire Moorlands, ,400543,353993,-1.99334,53.08317,532759269.850609,144715.701821935,01aebd6e-de75-4ff4-9126-cbfa9560319d
453,E14001515,Stalybridge and Hyde, ,398013,398062,-2.0314,53.47929,63231497.847229,44312.7077044789,5470f54b-068d-445e-8dee-e748e6baf0b5
454,E14001516,Stevenage, ,524283,223239,-0.19526,51.89386,63419249.1323929,63567.9454743995,00ff5fee-607b-4a45-8bad-2cba09b08bc1
455,E14001517,Stockport, ,388749,391263,-2.17074,53.41806,25281257.3061676,28277.9668667611,9e09de72-975e-4841-9948-5e5e3ce2f6bc
456,E14001518,Stockton North, ,446317,523647,-1.28449,54.60588,87192804.0794067,81078.2224165989,58d3a8e9-784e-4b5e-8518-96a8411d1be9
457,E14001519,Stockton West, ,438097,517043,-1.41259,54.54722,194383888.755417,132327.506810333,9c1db7e2-d191-4323-91a1-5d1a07a521ed
458,E14001520,Stoke-on-Trent Central, ,389002,346433,-2.16538,53.0151,36765771.8732452,34472.4612981088,2cda7ce8-f55c-4cb1-9a21-e8d34e759caa
459,E14001521,Stoke-on-Trent North, ,385248,353010,-2.22164,53.07413,47916672.4564362,43195.0964165397,95f3abce-2a8d-4e42-b823-8e6b4a11223e
460,E14001522,Stoke-on-Trent South, ,394021,338339,-2.09041,52.94242,158831020.898506,91654.8139279374,2ac75be8-3fb0-4311-a058-5aaef109bbdb
461,E14001523,"Stone, Great Wyrley and Penkridge", ,391368,312125,-2.12918,52.70673,415019837.761368,166535.463616439,43be7026-7445-4c5e-a8eb-1eae42c15e32
462,E14001524,Stourbridge, ,391916,284844,-2.1204,52.46149,29289155.9026566,35447.4458457325,49af81b0-202d-4d07-b850-7f53ed325cf6
463,E14001525,Stratford and Bow, ,537732,184240,-0.01533,51.54026,11241936.7013016,25329.4496946777,ee46e0cb-65d8-4ac1-8914-77fd991680da
464,E14001526,Stratford-on-Avon, ,415754,251537,-1.7711,52.16189,628999623.681763,208839.409779002,94df79b8-2f44-4eda-8f77-522bd9fe9bb3
465,E14001527,Streatham and Croydon North, ,531264,170801,-0.11353,51.42103,13790044.8618622,22717.1750210978,896fa9cb-b460-48b7-b80d-45f211bf8774
466,E14001528,Stretford and Urmston, ,376790,394312,-2.3509,53.44507,46806085.6747284,39264.4498424361,57d7e76d-978a-45f7-a09c-92f225f09768
467,E14001529,Stroud, ,376126,202190,-2.34698,51.71792,267654975.765312,124930.078188351,4972ce93-c42d-4e57-baf3-e51c69743068
468,E14001530,Suffolk Coastal, ,634302,246490,1.417097,52.0672,669541084.472183,531628.312543211,c5540869-ab27-4be0-b81f-5ceb62c0951a
469,E14001531,Sunderland Central, ,438924,556539,-1.39454,54.90207,28962890.5338745,52168.7048770179,766b5306-9a7c-49fc-9009-5f8cad0221ae
470,E14001532,Surrey Heath, ,493294,158076,-0.66277,51.31415,130470364.582161,68743.1082417349,74cfa775-ea04-43c7-aed1-e733b732a4fc
471,E14001533,Sussex Weald, ,554740,124695,0.20397,51.00083,481440247.967457,175767.988279334,ab11a9e5-d680-47ac-bd33-9c661aa37432
472,E14001534,Sutton and Cheam, ,524743,164094,-0.20962,51.36222,18272193.2196655,25218.0693942738,3e99cb4e-d139-4c9f-89de-7105f87a83bf
473,E14001535,Sutton Coldfield, ,412968,296625,-1.8101,52.56731,57645932.080574,43271.6277937033,65aebb95-f711-4a4f-a635-1d9b8247e874
474,E14001536,Swindon North, ,417322,190626,-1.75121,51.6142,102357940.522705,62732.2909463324,76af1e78-1bfe-4c62-a17d-d335656f3bf9
475,E14001537,Swindon South, ,414952,183959,-1.78572,51.55432,32655801.7024307,36135.4802677835,284dc53d-93fd-461c-8a65-0e611fa5ddf2
476,E14001538,Tamworth, ,417897,306775,-1.73683,52.65842,191653409.017586,83527.483563242,814e898b-7917-4747-8eeb-cc0c6f4b9da5
477,E14001539,Tatton, ,372512,376433,-2.41375,53.28416,361819909.888779,152498.718014,c42d2302-ce0b-40dd-9658-82aa8ad70cbb
478,E14001540,Taunton and Wellington, ,321258,120929,-3.1231,50.98235,287612277.875076,148571.791118309,9fe9a180-aaaf-4ff5-8b6b-b1c7f57b08aa
479,E14001541,Telford, ,369252,307888,-2.45611,52.66784,51511844.4063492,39222.1042487696,f7f790ed-796e-439b-b9d2-017bce0db6cc
480,E14001542,Tewkesbury, ,395143,228504,-2.07207,51.95501,321784339.232819,156658.197242839,1266c5d0-8729-4bab-9d83-988d4a0f6ed0
481,E14001543,The Wrekin, ,366652,317650,-2.49555,52.75543,506875382.54744,184077.019139952,cde45d53-fbed-47f9-84ab-f928b208f2f9
482,E14001544,Thirsk and Malton, ,468054,478315,-0.9584,54.1961,1984564589.14444,424276.58185437,e11a9714-8275-4f88-80b6-6fc307f8c542
483,E14001545,Thornbury and Yate, ,371713,183532,-2.40934,51.54996,417638428.66235,142862.316810951,f2b6a758-bc24-4cae-8fdc-cc5eb9da5202
484,E14001546,Thurrock, ,559194,180028,0.291985,51.49678,64386770.8917313,52815.4898625525,6282b375-1fa6-4b6f-bf1f-11cd0d95eab2
485,E14001547,Tipton and Wednesbury, ,397068,293727,-2.04465,52.5414,27454640.723732,34024.310175516,d55304e2-5d96-47b0-a551-7ee4b5fd77eb
486,E14001548,Tiverton and Minehead, ,299060,127703,-3.44112,51.03978,1279571658.47089,270581.635695369,98e2723a-c979-4f9a-9118-22a82796d806
487,E14001549,Tonbridge, ,563990,154079,0.349045,51.26228,302955070.621346,151490.900470424,dd01a3e3-8b39-4f63-90a3-93b040914742
488,E14001550,Tooting, ,527687,172670,-0.16428,51.43864,11236372.8769379,17768.6016020894,14263fca-4c46-46c5-b79f-634df268f9c0
489,E14001551,Torbay, ,290880,63942,-3.53884,50.4651,36260818.6807203,51656.5180255151,4022e3b1-9c66-415c-8a63-2d11a82d4b7e
490,E14001552,Torridge and Tavistock, ,244317,100533,-4.20983,50.7834,1630614500.27654,466800.029907069,3bb859c4-648a-429c-9eac-f78c576eee46
491,E14001553,Tottenham, ,533605,189904,-0.07266,51.59215,11934699.2078171,19750.7784932835,c7d4de37-5690-4fae-a806-873bfd786ce6
492,E14001554,Truro and Falmouth, ,179474,45337,-5.09582,50.26672,433090369.794847,339076.879362824,29162d66-006f-454e-a2f5-1146d305bc95
493,E14001555,Tunbridge Wells, ,566712,140727,0.381826,51.14153,248038928.042694,137496.356016254,d959ddc8-5ef0-4211-bbef-14b2ee841be1
494,E14001556,Twickenham, ,514744,171266,-0.35086,51.42879,27454682.530899,37357.9603336988,b6639444-02b3-4c75-a7d0-90a8246eda7a
495,E14001557,Tynemouth, ,434812,570698,-1.45695,55.0296,33143450.4733276,38181.487773974,cd3170f5-5464-412b-88eb-332bd665dab5
496,E14001558,Uxbridge and South Ruislip, ,508655,184779,-0.43426,51.55144,40380428.3401184,40193.6575427025,573979b7-cdaf-4c59-88da-2db45b4324a8
497,E14001559,Vauxhall and Camberwell Green, ,531362,177677,-0.10958,51.4828,7253294.65039063,15774.312040083,ba15a118-a566-4244-8927-13a5c983f6f7
498,E14001560,Wakefield and Rothwell, ,433973,422632,-1.48691,53.69904,60667385.9377747,52640.2046548931,2ef3d509-6384-4232-87dd-3a6a8d0f043e
499,E14001561,Wallasey, ,326323,391096,-3.10986,53.41152,25523504.3482056,29899.4222952085,d9bb169e-692f-490d-bc18-7d5af29fd5f4
500,E14001562,Walsall and Bloxwich, ,400850,300117,-1.98887,52.59886,32042892.1264954,30341.0307433007,19d8f355-36e1-44a3-8b2d-23229146184c
501,E14001563,Walthamstow, ,537215,189198,-0.02085,51.58494,16180227.1751556,20017.6887614175,e216c91e-396c-4cb9-8222-8750a1bcd68f
502,E14001564,Warrington North, ,362731,392971,-2.5624,53.43221,91259503.0305786,59376.5518503796,7a901d30-86c5-4519-b864-59f57b1ca61a
503,E14001565,Warrington South, ,362319,384778,-2.56762,53.35854,72508719.2454987,81629.9823466823,47510a8c-25e9-4675-9ecc-165a1f67f7ca
504,E14001566,Warwick and Leamington, ,432411,265118,-1.5263,52.28326,89400642.9915161,67535.3816333751,71f16358-bc86-4195-bff0-b1acaf6e137b
505,E14001567,Washington and Gateshead South, ,427841,556783,-1.56734,54.905,69427763.5400085,62404.7498792086,ce276956-48c0-402d-9c1b-8a718262ab3b
506,E14001568,Watford, ,510663,198280,-0.40105,51.6724,24407732.6487274,26541.3374697501,4a03d095-415b-4ac2-9797-3f23333d1224
507,E14001569,Waveney Valley, ,615789,277572,1.167248,52.35373,988786811.443695,271218.401641448,b49f6f61-81bb-4654-8653-48d758ab4d0f
508,E14001570,Weald of Kent, ,588072,137913,0.685368,51.10964,763095561.97831,233034.157947446,cceb22f0-b2d9-4be7-83b0-33e184bc5e9b
509,E14001571,Wellingborough and Rushden, ,492740,268635,-0.64115,52.30802,91594201.8372421,58655.6554042849,780c759b-1474-41e0-8192-3fa4ce3051e3
510,E14001572,Wells and Mendip Hills, ,347132,151708,-2.75907,51.26206,671548236.391781,193421.153755467,bb88f883-4d2e-4909-a20c-5b63717fa604
511,E14001573,Welwyn Hatfield, ,523758,210274,-0.20751,51.77746,107934869.881172,71730.0792018197,300c4021-1516-474d-8c5d-b3df248ddfcd
512,E14001574,West Bromwich, ,400511,291314,-1.99389,52.51972,35375996.1237717,49310.4019236331,2747abdc-cc6d-4fa6-a91a-a88ccbf34f22
513,E14001575,West Dorset, ,357891,100400,-2.59891,50.80161,1006592403.40812,284662.546681094,692e7662-7f37-4454-9a7b-c4a81114b089
514,E14001576,West Ham and Beckton, ,543564,182068,0.067814,51.51929,18766520.3764496,26939.9799022455,2ebaf59c-ba7b-4ab9-b4dd-11168605a7a6
515,E14001577,West Lancashire, ,342047,408082,-2.87649,53.56614,262356486.494942,100984.139522561,3e0e2eb4-f4be-46a3-8abe-a123883408ea
516,E14001578,West Suffolk, ,574793,265203,0.559576,52.25724,761950949.371277,241969.913698377,f56aa34d-6d8a-4520-bede-893d394bad6c
517,E14001579,West Worcestershire, ,380454,250015,-2.28706,52.14808,705327956.59687,298969.375854189,fae64843-35d7-4430-86e9-2e2450ec69ea
518,E14001580,Westmorland and Lonsdale, ,353851,505255,-2.71306,54.4406,2414130368.34047,411657.11364642,4b3cf1e2-a6c5-40c1-85be-1a3d60d2043e
519,E14001581,Weston-super-Mare, ,334885,161373,-2.93634,51.34768,61377590.9822006,53831.0150758131,639c6a3c-1b3d-4d60-9e44-9959ef257aed
520,E14001582,Wetherby and Easingwold, ,446740,454025,-1.2888,53.98019,941694242.954285,265926.573109247,8dbec249-bd71-4687-b253-7e7c1ab9d85c
521,E14001583,Whitehaven and Workington, ,308266,510109,-3.41724,54.47802,533442183.523117,162270.991651832,135c8cee-e208-4b25-9a30-09e3b9bf6543
522,E14001584,Widnes and Halewood, ,348553,386177,-2.77467,53.36995,62972512.4548874,49507.6965517419,9eb3e690-7661-4a3a-9915-161a20dda0a7
523,E14001585,Wigan, ,357774,408209,-2.63906,53.56879,60502282.355072,42072.7728642676,84f7306c-76cc-4b72-969a-a4235873c07d
524,E14001586,Wimbledon, ,524184,169397,-0.2158,51.41,22912306.5372849,29886.5949570783,b384d645-c3fd-4256-868a-8a617562c4c9
525,E14001587,Winchester, ,453018,129648,-1.24477,51.06372,572870811.531281,153435.771990136,6c5e7487-eb63-4dde-a703-d2bbf51db3c0
526,E14001588,Windsor, ,497834,172353,-0.59372,51.44173,110959527.205772,78964.1769214134,4fab0f04-effe-4a1d-85f8-406d8820c151
527,E14001589,Wirral West, ,327390,383580,-3.09208,53.34412,87534115.30056,123057.336654297,baddc81a-13d4-451d-ab2a-d689b810a2ec
528,E14001590,Witham, ,587425,219383,0.719323,51.84159,423813178.803032,313341.453551323,80b0769a-53b1-469b-a4b1-19fe8f61a1ba
529,E14001591,Witney, ,434290,201412,-1.5051,51.7104,557783570.437393,197012.253731227,a1ec7e66-8c11-4187-ad41-00fc48a84c7c
530,E14001592,Woking, ,499088,157544,-0.57981,51.30839,63609296.9419708,55060.8577309328,7e6267a7-dd2d-4c13-b5fa-c83cc0b3a362
531,E14001593,Wokingham, ,477342,167203,-0.88961,51.39859,138356609.074455,85724.8028953991,115de562-b205-4980-a83a-745bca3d1826
532,E14001594,Wolverhampton North East, ,394815,301509,-2.078,52.61134,27045680.4908066,29859.1568409776,964cae99-28bd-4b82-9c74-2b76f6a6c037
533,E14001595,Wolverhampton South East, ,395594,297005,-2.06643,52.57086,30731389.5447464,30114.6694951586,43cc96ef-0256-4bea-8b54-87e9668b6652
534,E14001596,Wolverhampton West, ,389258,298982,-2.15998,52.58854,30358165.6260452,34860.2562863432,0dd2ebc8-06e2-4c4b-a335-db563c13acac
535,E14001597,Worcester, ,385744,255190,-2.20997,52.19477,33346529.2014618,31374.9989083591,66110c53-f659-49ca-869c-4fc04b5b65f8
536,E14001598,Worsley and Eccles, ,371642,397143,-2.42866,53.47026,71420854.1376953,47634.3706039256,dc99f393-ad4d-4e34-a02b-32b0abf37460
537,E14001599,Worthing West, ,510142,106053,-0.43695,50.84352,74564632.7132988,55023.0093726264,7aad2b22-3982-4ac5-8b41-653280ed7d49
538,E14001600,Wycombe, ,479281,190191,-0.85659,51.60498,141020324.355667,83121.4870356608,42ac6988-a172-4266-903c-52ba1230f0f8
539,E14001601,Wyre Forest, ,384106,276388,-2.23494,52.3853,195437485.795692,101047.255509773,040b05f4-eb7d-496c-8d89-3299267cdd2c
540,E14001602,Wythenshawe and Sale East, ,380730,389917,-2.29132,53.40573,36546313.8067627,40934.7565781292,46238035-ab18-498c-af7c-b308d87a4faa
541,E14001603,Yeovil, ,341353,111432,-2.83534,50.89936,335581153.937181,140017.119720607,ca714197-ddbf-4f9f-a7db-e3b572c869bd
542,E14001604,York Central, ,460319,451276,-1.08231,53.95408,25166131.3529358,39139.1189737029,48c0f2d5-fc3d-4704-a1e4-3e9743789592
543,E14001605,York Outer, ,461061,457913,-1.06968,54.01364,246774521.062225,141366.022906085,0dec00fe-fb54-4463-860d-25b556cec9be
544,N05000001,Belfast East, ,151724,529081,-5.84357,54.59517,55534403.6313705,44339.1836248709,28ebf8c9-8c4b-469c-880c-4a5c9bf579ba
545,N05000002,Belfast North, ,145171,534883,-5.94979,54.64393,54170403.7448044,40465.4532407986,7de70a4d-10d6-4be9-b702-73c2112a7b01
546,N05000003,Belfast South and Mid Down, ,147011,521432,-5.90977,54.52425,118797968.895699,70353.798058949,0568d5c6-200e-4da5-9e82-7acb45cd95f3
547,N05000004,Belfast West, ,141609,528232,-5.999,54.58249,39147766.457283,35985.4026662519,74e71318-3af7-4724-b8af-f4f29d224b42
548,N05000005,East Antrim, ,143140,565729,-6.00849,54.91943,848165278.777412,214302.017118057,a76e9d8c-a3c4-43cc-b810-b494dfab356c
549,N05000006,East Londonderry, ,87251,579631,-6.8926,55.01207,1291220892.10629,241800.079642596,3d1085eb-4607-4282-a680-401c6f2efb8d
550,N05000007,Fermanagh and South Tyrone, ,40601,510274,-7.53348,54.36026,2565776868.07281,481494.53111796,641c0098-65c5-4610-81a9-c2d611346d5a
551,N05000008,Foyle, ,61711,580956,-7.29189,55.00724,121184312.344707,73545.1894108673,91cc1880-99fa-4aa7-897c-0bbfbd93a652
552,N05000009,Lagan Valley, ,134819,515110,-6.09199,54.46135,543072630.727589,174725.136212009,58236de0-be1d-4f1f-8976-d5af3dce6252
553,N05000010,Mid Ulster, ,96556,543818,-6.70999,54.69708,1311074357.87791,250098.398850967,c63954a0-5708-4af6-aa58-fcc6437fbe5d
554,N05000011,Newry and Armagh, ,101073,490606,-6.58641,54.22311,921565640.468056,205219.338068006,0784eb9b-0398-449d-9e95-511a6ca74b45
555,N05000012,North Antrim, ,124768,589527,-6.31722,55.1229,1136872796.83597,282245.198668263,db59e3d8-eae6-4ff6-941f-f9cfca27742d
556,N05000013,North Down, ,161795,532869,-5.6911,54.63399,118837864.898232,111050.163498018,88e5fd54-9b7f-4a5c-ba77-9ae063888183
557,N05000014,South Antrim, ,130247,538471,-6.18376,54.66833,795299395.810055,177481.670398785,b0bf481f-7b30-4d34-aad1-edfc73c5ff05
558,N05000015,South Down, ,140371,487604,-5.9826,54.21761,1121800820.26401,279218.774091209,474e1ae6-0d8e-450c-9ed4-aa4a3834d616
559,N05000016,Strangford, ,161562,512229,-5.678,54.44877,786550314.664955,204992.000858546,e167a4b4-f449-4d1e-8c30-16a06500e1cd
560,N05000017,Upper Bann, ,112441,513947,-6.43507,54.43876,381683413.033245,134941.377922638,84d8dc4f-a77b-41c2-a880-4a7c3e34be36
561,N05000018,West Tyrone, ,48552,546485,-7.45482,54.68977,2118985608.56851,353856.428314096,d0622434-e89b-41d8-8da1-0fc4f6069759
562,S14000021,East Renfrewshire, ,251930,653115,-4.36058,55.74868,174247285.991547,94003.0486624556,2d94fb46-299e-46f8-915e-fb2bf5a9235d
563,S14000027,Na h-Eileanan an Iar, ,126473,932862,-6.65722,58.19938,3096588671.93748,3872093.21151883,c007757f-56fd-41da-a18f-f4c108088751
564,S14000045,Midlothian, ,330088,659217,-3.11738,55.82111,355272038.180847,126469.474609312,61061e55-f5b0-4559-aaec-0e5da534801f
565,S14000048,North Ayrshire and Arran, ,195921,636366,-5.23906,55.57807,816951767.297592,300825.845664761,eb19c7ab-f5e7-4823-99c8-d9a3491ac143
566,S14000051,Orkney and Shetland, ,434516,1180307,-1.37344,60.50495,2483512848.86833,3527591.22314585,5ffb991a-5955-44d2-9f2a-8adfcd0fb7b8
567,S14000060,Aberdeen North, ,389227,811060,-2.17988,57.1902,99345367.0257568,58587.7158760043,9b3d2599-5435-4473-a7cf-a3e1733eb125
568,S14000061,Aberdeen South, ,385630,803154,-2.23894,57.11908,86227354.4115295,95936.754050865,186c8de2-63d6-4de6-b1bb-75a919518ce4
569,S14000062,Aberdeenshire North and Moray East, ,354840,850582,-2.75606,57.54307,1331184363.85965,403676.021267756,cb047798-1bce-4ebd-ac17-889d241804d6
570,S14000063,Airdrie and Shotts, ,283330,662650,-3.86475,55.8429,238264235.992661,91334.5815338269,a165069b-9b69-40f9-820b-f1e961f4a1aa
571,S14000064,Alloa and Grangemouth, ,289365,697173,-3.78265,56.15435,168383303.492249,158756.07651692,992c0499-1742-4fe1-ba61-30df0c61619f
572,S14000065,Angus and Perthshire Glens, ,302665,757277,-3.59103,56.69702,5521626453.69501,571195.796843903,a8c6cd74-a13b-4041-a4fb-6590d16834f4
573,S14000066,Arbroath and Broughty Ferry, ,356476,742817,-2.71001,56.57525,413436350.953217,134867.910387999,bddbb0d8-ac21-49fa-8462-57a1aef3a0cc
574,S14000067,"Argyll, Bute and South Lochaber", ,200740,715443,-5.22114,56.28944,9113025360.16619,4456901.46644704,a344c2c6-f4ab-4dc7-835c-acea26c09e28
575,S14000068,Bathgate and Linlithgow, ,298385,670856,-3.62753,55.92001,212124438.653564,122840.964848447,b4c38467-4536-4d2a-96ad-b7f5f14d968c
576,S14000069,"Caithness, Sutherland and Easter Ross", ,247840,905010,-4.57679,58.00812,11628582849.4545,2262862.70107953,90d8160e-6e67-4310-9a2c-f1de062edc92
577,S14000070,Coatbridge and Bellshill, ,271691,665826,-4.052,55.86846,68818123.3727112,60594.043645812,91c2002d-f689-4c5b-a14f-cffbe74395c7
578,S14000071,Cowdenbeath and Kirkcaldy, ,320590,688187,-3.27747,56.07986,147854288.251419,100991.765149736,65e90a09-34d1-4bcd-97d2-e447dc277078
579,S14000072,Cumbernauld and Kirkintilloch, ,274119,675772,-4.01786,55.95841,142499009.00766,96735.0649612794,f4693569-3f12-43b5-b397-1eb1aa0ed9b5
580,S14000073,Dumfries and Galloway, ,252740,567859,-4.30279,54.9835,3918358938.14783,985175.69891994,92e25a09-a64f-49ae-bcee-803d428edcd1
581,S14000074,"Dumfriesshire, Clydesdale and Tweeddale", ,305399,610683,-3.4946,55.38097,4418346839.49843,508868.754069021,3543c512-87f8-49a6-aadb-d6d8e63374be
582,S14000075,Dundee Central, ,337936,732098,-3.00916,56.47688,40393037.807251,35146.0771202926,9c220152-106f-411a-93a9-370c751b293e
583,S14000076,Dunfermline and Dollar, ,302505,691896,-3.56928,56.10983,268297321.045624,123368.424919358,f3a23749-a764-4647-9e96-dbffad5e9860
584,S14000077,East Kilbride and Strathaven, ,267265,642476,-4.1113,55.65761,304594872.647385,119033.046594574,9366b1ea-e14b-4a58-b81f-e9b44b5c03e1
585,S14000078,Edinburgh East and Musselburgh, ,331065,672603,-3.1052,55.9415,31730975.6843262,41970.4074508723,e883dddc-079e-46b9-a484-8885db0e7021
586,S14000079,Edinburgh North and Leith, ,324350,675786,-3.21357,55.96908,19042065.4898224,31090.9019083131,6a2390b7-91c9-4300-9d6f-a2522f941108
587,S14000080,Edinburgh South, ,326917,669699,-3.1708,55.9148,31113976.8720551,31807.1951555159,f49a068e-afd8-4858-8305-9d4fb64e6784
588,S14000081,Edinburgh South West, ,318314,666474,-3.30742,55.88445,89946624.7177582,60723.9682813947,cf1e592e-d668-43d9-b320-0d2d61c62b04
589,S14000082,Edinburgh West, ,316926,673574,-3.33179,55.94798,100071393.746658,66668.3782000193,0fea5ac0-e2c5-42d4-81c7-136417e0e941
590,S14000083,Falkirk, ,288392,677180,-3.78996,55.97458,201846775.871536,99422.1361614846,4fc829f9-2d33-4489-a0ca-ed928bcfe2c6
591,S14000084,Glasgow East, ,265815,663227,-4.14454,55.84353,28075788.9096375,46102.307103347,76edc25e-3351-46e7-9f8a-d6b74af77ae9
592,S14000085,Glasgow North, ,257708,668952,-4.2769,55.8926,27810058.0235443,29972.5662781638,ea2eb988-2ba1-412d-9c73-e1eac31633e3
593,S14000086,Glasgow North East, ,264978,667215,-4.15988,55.8791,39606123.9528809,35307.1622196433,24a5d531-022e-43ae-8801-16d98e7dcab6
594,S14000087,Glasgow South, ,259278,659856,-4.2471,55.8114,26744652.4794922,36866.5644217533,a52ac4a7-2487-4f7a-bee9-8a7ebae21441
595,S14000088,Glasgow South West, ,254828,664559,-4.32056,55.8523,29364968.2407227,40824.5167130882,cc3e4d0a-3288-447d-8af9-32dbf350c559
596,S14000089,Glasgow West, ,253644,668507,-4.34159,55.88738,18599289.8385773,26035.8310307879,4ae232f9-b7cc-4213-a986-7cf24673bb53
597,S14000090,Glenrothes and Mid Fife, ,328368,698666,-3.15535,56.17522,173235154.068039,99322.857981129,b1af5d04-8c87-40f9-8cd0-efd01a9c2a6a
598,S14000091,Gordon and Buchan, ,373602,833557,-2.44081,57.39164,2073995838.56113,336443.162511265,a91938fe-66f1-4992-9c6b-3d982bd196f9
599,S14000092,Hamilton and Clyde Valley, ,279136,643900,-3.92337,55.6735,257457528.294922,127303.731631984,ba6d6c12-55ef-4b29-b2a4-4ec5f76dc7fb
600,S14000093,Inverclyde and Renfrewshire West, ,227889,670663,-4.75425,55.89822,196138479.125885,91314.1218903247,cdd69103-5cd4-4a3f-a815-c463e772bcc6
601,S14000094,"Inverness, Skye and West Ross-shire", ,236932,826712,-4.70826,57.30176,9585445447.56344,2590400.91477572,73450633-fca2-4349-a2c0-f6216f3bd2b6
602,S14000095,Livingston, ,306817,664330,-3.49041,55.8631,243977352.707138,106158.781370168,46f2756c-21b4-41cc-858b-a366b0b72212
603,S14000096,Lothian East, ,356100,672351,-2.7044,55.94218,670730735.213364,198914.142105973,41425724-8302-4477-bb64-776cfacd9d76
604,S14000097,Mid Dunbartonshire, ,259241,677078,-4.25665,55.966,153725782.122116,91148.2627901867,23ed9c30-2aa1-45d2-92a0-fef091fa6fa7
605,S14000098,"Moray West, Nairn and Strathspey", ,291537,822903,-3.80089,57.28381,4716402513.64801,642089.422883729,a9502828-4f46-4e40-871e-37904ecfec8e
606,S14000099,"Motherwell, Wishaw and Carluke", ,289811,652786,-3.75731,55.75584,214596199.408752,107529.671523448,7d4c4804-3e47-4b85-92e0-ac6dfb6de474
607,S14000100,North East Fife, ,338928,714311,-2.98891,56.31723,794560222.714661,225514.947123628,e53f63a6-bf49-49d3-af56-030843f04baa
608,S14000101,Paisley and Renfrewshire North, ,245864,668396,-4.46579,55.88396,81574738.6360168,88655.4873572034,caa88861-f724-46e2-8abc-9ff69af57464
609,S14000102,Paisley and Renfrewshire South, ,239912,661211,-4.5566,55.81753,149506607.180374,93443.4966331161,00ab0de9-bd73-49af-a35e-fa00b6d15845
610,S14000103,Perth and Kinross-shire, ,278883,715707,-3.95977,56.31822,1415882159.98911,409244.169361704,59edd0de-a2ee-4cd0-a930-40054aed15bb
611,S14000104,Rutherglen, ,266436,659876,-4.13298,55.81361,41341892.6988068,45687.1055275732,7b2642e9-6b42-4ad3-98f0-fa3b95902443
612,S14000105,Stirling and Strathallan, ,266602,709079,-4.15482,56.25541,2489811723.68738,428545.302264082,ac5187d5-067e-42e4-9fbc-0a48a1ad71d8
613,S14000106,West Dunbartonshire, ,243096,681433,-4.51758,56.00009,177948633.730698,104464.34150567,c7c96cca-1535-4f8d-abda-0c3a34825877
614,S14000107,"Ayr, Carrick and Cumnock", ,238951,603944,-4.53853,55.30317,1628699459.26142,329398.509374663,680857be-8e6b-4210-914c-4d0dbef6e93f
615,S14000108,"Berwickshire, Roxburgh and Selkirk", ,356138,624491,-2.6961,55.5122,3838407228.55615,468283.50481202,fdac90ad-a989-4fb4-b786-6e713ceedccc
616,S14000109,Central Ayrshire, ,238950,628173,-4.55254,55.52066,232508916.764877,137323.152729432,ee8b3355-7fdb-41a9-ba85-fee99a25279a
617,S14000110,Kilmarnock and Loudoun, ,255398,633167,-4.29487,55.57064,701840594.782257,217649.947035801,8e584451-efaa-49d3-9630-60d417f99c34
618,S14000111,West Aberdeenshire and Kincardine, ,342584,792624,-2.9473,57.02113,3270895602.06116,491703.52812337,5380cd62-e6cb-411b-8a6e-f4b9aa51baff
619,W07000081,Aberafan Maesteg,Aberafan Maesteg,281995,189550,-3.70491,51.5924,241697724.003803,105429.527689293,c3837414-fded-4061-ada7-29dd1f27471c
620,W07000082,Alyn and Deeside,Alun a Glannau Dyfrdwy,332347,365301,-3.01375,53.1805,185326574.811478,212591.257031766,ef39acf6-4c68-4786-bd2a-e20a7f58676c
621,W07000083,Bangor Aberconwy,Bangor Aberconwy,285758,362572,-3.70962,53.14801,1398012905.26389,309154.47863787,06cd4c99-4d1d-4e39-85a8-adbce7673280
622,W07000084,Blaenau Gwent and Rhymney,Blaenau Gwent a Rhymni,312653,206245,-3.26665,51.74807,166721726.812057,81977.6798998577,f468fceb-b380-458f-aa61-82d05018cdbd
623,W07000085,"Brecon, Radnor and Cwm Tawe","Aberhonddu, Maesyfed a Chwm-tawe",300889,246522,-3.44861,52.10812,3098231908.30097,403668.936866685,26f6399b-ea4c-49b2-92b7-5282646f1774
624,W07000086,Bridgend,Pen-y-bont,291030,181514,-3.57204,51.52199,120914893.661552,73410.5591149931,66a49a28-1785-4ff6-a7ea-3461b0a08add
625,W07000087,Caerfyrddin,Caerfyrddin,250837,228760,-4.17124,51.9373,2019187137.83141,418372.364544245,86c64371-e261-45b5-89f8-6f8c3464ec94
626,W07000088,Caerphilly,Caerffili,315843,191594,-3.21691,51.61685,140547195.81205,70090.0430659933,fd695f2d-5a77-451c-a3a7-b65d8e95cbb7
627,W07000089,Cardiff East,Dwyrain Caerdydd,322018,179718,-3.1251,51.51098,29131391.6534271,38035.6938458416,f3ba7649-bb69-4f5f-b6fd-f4cf54790170
628,W07000090,Cardiff North,Gogledd Caerdydd,318603,182294,-3.1749,51.53366,49459979.2071724,48805.484117801,18c20f35-22d1-4a41-86cf-ec57f2048cc6
629,W07000091,Cardiff South and Penarth,De Caerdydd a Phenarth,317325,171684,-3.19083,51.43809,55172107.7790604,56742.8691398365,51a887f3-03b4-4f2b-8d75-1856b7a77b21
630,W07000092,Cardiff West,Gorllewin Caerdydd,311064,179555,-3.28287,51.5079,62874309.5688705,54619.4929281462,62ab36da-8c73-48c7-91f7-47ad3bf27a98
631,W07000093,Ceredigion Preseli,Ceredigion Preseli,258114,257775,-4.07753,52.1999,2446681593.20276,623926.981281579,36585fbf-bf28-4e24-b107-d7f604c54d41
632,W07000094,Clwyd East,Dwyrain Clwyd,316706,362272,-3.24694,53.15106,646244959.999878,207766.452331493,e45f88e4-332a-48b9-b412-15b0f96fb689
633,W07000095,Clwyd North,Gogledd Clwyd,301609,373008,-3.47592,53.24495,161280438.657051,124020.581256811,96a4fbab-ea5a-4752-b8e8-03f3aeb664fd
634,W07000096,Dwyfor Meirionnydd,Dwyfor Meirionnydd,281716,332046,-3.75884,52.87285,2571762477.31074,648564.674477106,9e6b3c50-815b-413e-a43d-3f37866d4f9f
635,W07000097,Gower,Gŵyr,255131,191631,-4.09333,51.60483,306988468.24876,273853.365743312,fdc082df-e3ca-4e60-a7d7-c7faaae94e6f
636,W07000098,Llanelli,Llanelli,248545,207672,-4.19532,51.74722,351933488.212059,263954.271103804,4a2ff2ec-6e64-487e-9f26-94e880e1e5c9
637,W07000099,Merthyr Tydfil and Aberdare,Merthyr Tudful ac Aberdâre,300180,205457,-3.44704,51.7389,245244928.047371,91974.8947981445,658a6923-2a5c-4649-9d1f-9f82266c82ad
638,W07000100,Mid and South Pembrokeshire,Canol a De Sir Benfro,209904,212239,-4.75693,51.77646,959964480.459496,608284.859254211,54b38596-952b-4007-92d8-3da0cd5affce
639,W07000101,Monmouthshire,Sir Fynwy,337812,209231,-2.9028,51.77827,850312904.133781,224920.220706292,7bdd5c62-27a0-445d-864f-190d90265216
640,W07000102,Montgomeryshire and Glyndwr,Maldwyn a Glyndŵr,302272,304966,-3.44547,52.63363,2386782869.52524,409812.280989082,51f09967-d19b-4fef-866d-f209ede7b0ad
641,W07000103,Neath and Swansea East,Castell-nedd a Dwyrain Abertawe,277554,201321,-3.77311,51.69724,215403411.020958,125177.208195608,6ffdc0eb-9279-4d41-b570-5cd7097e1c31
642,W07000104,Newport East,Dwyrain Casnewydd,337897,187432,-2.89769,51.58231,123595823.85833,121603.546981652,4d1d09f1-9151-43aa-a444-afe36a880d52
643,W07000105,Newport West and Islwyn,Gorllewin Casnewydd ac Islwyn,323528,194099,-3.10648,51.64047,145687606.683624,104071.063930268,277fb2c1-521f-4c12-aa3c-9708944d227d
644,W07000106,Pontypridd,Pontypridd,304326,197341,-3.38478,51.66667,141744382.871727,95756.2168976706,08cb02ac-c6e4-4de6-aae5-40801188184d
645,W07000107,Rhondda and Ogmore,Rhondda ac Ogwr,296040,193848,-3.50351,51.6338,199830085.715508,73612.5236252879,4bab0808-80d0-46bf-ba0d-9844cd86333d
646,W07000108,Swansea West,Gorllewin Abertawe,264670,195124,-3.95702,51.63859,32082605.6476746,42547.179159725,a116e460-5f8a-422c-af17-9a62c03a051d
647,W07000109,Torfaen,Torfaen,327459,200480,-3.05101,51.69836,126240978.684425,82553.9446550866,c0534273-e1cb-4f08-a2ed-c3ff74d7b467
648,W07000110,Vale of Glamorgan,Bro Morgannwg,301298,173080,-3.42173,51.44807,295559447.64167,98631.0620976412,668f7085-9ebd-4f1f-9741-d3072b59adf8
649,W07000111,Wrexham,Wrecsam,337298,348629,-2.93642,53.03126,293011170.782303,132818.024663295,e5b0215e-5adb-4b87-a6fd-d8881746b6bd
650,W07000112,Ynys Môn,Ynys Môn,245217,378331,-4.32298,53.27931,715197547.268303,379268.272144541,1af82abc-1fdf-41de-8f09-58b2a4659a71
